"Daerah","Jumlah Kelurahan","Kategori Pelayanan Dasar Publik","Alokasi DAU Tambahan"
"Provinsi Aceh","0","-","0"
"Kab. Aceh Barat","0","-","0"
"Kab. Aceh Besar","0","-","0"
"Kab. Aceh Selatan","0","-","0"
"Kab. Aceh Singkil","0","-","0"
"Kab. Aceh Tengah","0","-","0"
"Kab. Aceh Tenggara","0","-","0"
"Kab. Aceh Timur","0","-","0"
"Kab. Aceh Utara","0","-","0"
"Kab. Bireuen","0","-","0"
"Kab. Pidie","0","-","0"
"Kab. Simeulue","0","-","0"
"Kota Banda Aceh","0","-","0"
"Kota Sabang","0","-","0"
"Kota Langsa","0","-","0"
"Kota Lhokseumawe","0","-","0"
"Kab. Gayo Lues","0","-","0"
"Kab. Aceh Barat Daya","0","-","0"
"Kab. Aceh Jaya","0","-","0"
"Kab. Nagan Raya","0","-","0"
"Kab. Aceh Tamiang","0","-","0"
"Kab. Bener Meriah","0","-","0"
"Kab. Pidie Jaya","0","-","0"
"Kota Subulussalam","0","-","0"
"Provinsi Sumatera Utara","0","-","0"
"Kab. Asahan","27.00","PERLU DITINGKATKAN","9993726000.00"
"Kab. Dairi","8.00","PERLU DITINGKATKAN","2961104000.00"
"Kab. Deli Serdang","14.00","PERLU DITINGKATKAN","5181932000.00"
"Kab. Karo","10.00","SANGAT PERLU DITINGKATKAN","3840000000.00"
"Kab. Labuhanbatu","23.00","PERLU DITINGKATKAN","8513174000.00"
"Kab. Langkat","37.00","PERLU DITINGKATKAN","13695106000.00"
"Kab. Mandailing Natal","27.00","SANGAT PERLU DITINGKATKAN","10368000000.00"
"Kab. Nias","0","-","0"
"Kab. Simalungun","27.00","PERLU DITINGKATKAN","9993726000.00"
"Kab. Tapanuli Selatan","37.00","PERLU DITINGKATKAN","13695106000.00"
"Kab. Tapanuli Tengah","56.00","PERLU DITINGKATKAN","20727728000.00"
"Kab. Tapanuli Utara","11.00","PERLU DITINGKATKAN","4071518000.00"
"Kab. Toba Samosir","13.00","PERLU DITINGKATKAN","4811794000.00"
"Kota Binjai","37.00","PERLU DITINGKATKAN","13695106000.00"
"Kota Medan","151.00","BAIK","53294091000.00"
"Kota Pematang Siantar","53.00","BAIK","18705873000.00"
"Kota Sibolga","17.00","PERLU DITINGKATKAN","6292346000.00"
"Kota Tanjung Balai","31.00","PERLU DITINGKATKAN","11474278000.00"
"Kota Tebing Tinggi","35.00","PERLU DITINGKATKAN","12954830000.00"
"Kota Padang Sidempuan","37.00","PERLU DITINGKATKAN","13695106000.00"
"Kab. Pakpak Bharat","0","-","0"
"Kab. Nias Selatan","2.00","SANGAT PERLU DITINGKATKAN","768000000.00"
"Kab. Humbang Hasundutan","1.00","PERLU DITINGKATKAN","370138000.00"
"Kab. Serdang Bedagai","6.00","SANGAT PERLU DITINGKATKAN","2304000000.00"
"Kab. Samosir","6.00","PERLU DITINGKATKAN","2220828000.00"
"Kab. Batu Bara","10.00","PERLU DITINGKATKAN","3701380000.00"
"Kab. Padang Lawas","1.00","SANGAT PERLU DITINGKATKAN","384000000.00"
"Kab. Padang Lawas Utara","2.00","PERLU DITINGKATKAN","740276000.00"
"Kab. Labuhanbatu Selatan","2.00","PERLU DITINGKATKAN","740276000.00"
"Kab. Labuhanbatu Utara","8.00","PERLU DITINGKATKAN","2961104000.00"
"Kab. Nias Utara","1.00","SANGAT PERLU DITINGKATKAN","384000000.00"
"Kab. Nias Barat","0","-","0"
"Kota Gunungsitoli","3.00","PERLU DITINGKATKAN","1110414000.00"
"Provinsi Sumatera Barat","0","-","0"
"Kab. Limapuluh Kota","0","-","0"
"Kab. Agam","0","-","0"
"Kab. Kepulauan Mentawai","0","-","0"
"Kab. Padang Pariaman","0","-","0"
"Kab. Pasaman","0","-","0"
"Kab. Pesisir Selatan","0","-","0"
"Kab. Sijunjung","0","-","0"
"Kab. Solok","0","-","0"
"Kab. Tanah Datar","0","-","0"
"Kota Bukit Tinggi","24.00","BAIK","8470584000.00"
"Kota Padang Panjang","16.00","BAIK","5647056000.00"
"Kota Padang","104.00","PERLU DITINGKATKAN","38494352000.00"
"Kota Payakumbuh","47.00","PERLU DITINGKATKAN","17396486000.00"
"Kota Sawahlunto","10.00","BAIK","3529410000.00"
"Kota Solok","13.00","PERLU DITINGKATKAN","4811794000.00"
"Kota Pariaman","16.00","PERLU DITINGKATKAN","5922208000.00"
"Kab. Pasaman Barat","0","-","0"
"Kab. Dharmasraya","0","-","0"
"Kab. Solok Selatan","0","-","0"
"Provinsi Riau","0","-","0"
"Kab. Bengkalis","19.00","PERLU DITINGKATKAN","7032622000.00"
"Kab. Indragiri Hilir","39.00","PERLU DITINGKATKAN","14435382000.00"
"Kab. Indragiri Hulu","16.00","SANGAT PERLU DITINGKATKAN","6144000000.00"
"Kab. Kampar","8.00","PERLU DITINGKATKAN","2961104000.00"
"Kab. Kuantan Singingi","11.00","PERLU DITINGKATKAN","4071518000.00"
"Kab. Pelalawan","14.00","PERLU DITINGKATKAN","5181932000.00"
"Kab. Rokan Hilir","25.00","PERLU DITINGKATKAN","9253450000.00"
"Kab. Rokan Hulu","6.00","SANGAT PERLU DITINGKATKAN","2304000000.00"
"Kab. Siak","9.00","PERLU DITINGKATKAN","3331242000.00"
"Kota Dumai","33.00","PERLU DITINGKATKAN","12214554000.00"
"Kota Pekanbaru","83.00","PERLU DITINGKATKAN","30721454000.00"
"Kab. Kepulauan Meranti","5.00","PERLU DITINGKATKAN","1850690000.00"
"Provinsi Jambi","0","-","0"
"Kab. Batang Hari","14.00","PERLU DITINGKATKAN","5181932000.00"
"Kab. Bungo","12.00","PERLU DITINGKATKAN","4441656000.00"
"Kab. Kerinci","2.00","PERLU DITINGKATKAN","740276000.00"
"Kab. Merangin","10.00","PERLU DITINGKATKAN","3701380000.00"
"Kab. Muaro Jambi","5.00","PERLU DITINGKATKAN","1850690000.00"
"Kab. Sarolangun","9.00","PERLU DITINGKATKAN","3331242000.00"
"Kab. Tanjung Jabung Barat","20.00","PERLU DITINGKATKAN","7402760000.00"
"Kab. Tanjung Jabung Timur","20.00","PERLU DITINGKATKAN","7402760000.00"
"Kab. Tebo","5.00","PERLU DITINGKATKAN","1850690000.00"
"Kota Jambi","62.00","PERLU DITINGKATKAN","22948556000.00"
"Kota Sungai Penuh","4.00","BAIK","1411764000.00"
"Provinsi Sumatera Selatan","0","-","0"
"Kab. Lahat","18.00","PERLU DITINGKATKAN","6662484000.00"
"Kab. Musi Banyuasin","13.00","PERLU DITINGKATKAN","4811794000.00"
"Kab. Musi Rawas","13.00","PERLU DITINGKATKAN","4811794000.00"
"Kab. Muara Enim","10.00","PERLU DITINGKATKAN","3701380000.00"
"Kab. Ogan Komering Ilir","13.00","BAIK","4588233000.00"
"Kab. Ogan Komering Ulu","14.00","PERLU DITINGKATKAN","5181932000.00"
"Kota Palembang","107.00","BAIK","37764687000.00"
"Kota Prabumulih","25.00","BAIK","8823525000.00"
"Kota Pagar Alam","35.00","SANGAT PERLU DITINGKATKAN","13440000000.00"
"Kota Lubuk Linggau","72.00","PERLU DITINGKATKAN","26649936000.00"
"Kab. Banyuasin","16.00","PERLU DITINGKATKAN","5922208000.00"
"Kab. Ogan Ilir","14.00","PERLU DITINGKATKAN","5181932000.00"
"Kab. OKU Timur","7.00","PERLU DITINGKATKAN","2590966000.00"
"Kab. OKU Selatan","7.00","PERLU DITINGKATKAN","2590966000.00"
"Kab. Empat Lawang","9.00","PERLU DITINGKATKAN","3331242000.00"
"Kab. Penukal Abab Lematang Ilir","6.00","PERLU DITINGKATKAN","2220828000.00"
"Kab. Musi Rawas Utara","7.00","PERLU DITINGKATKAN","2590966000.00"
"Provinsi  Bengkulu","0","-","0"
"Kab. Bengkulu Selatan","16.00","PERLU DITINGKATKAN","5922208000.00"
"Kab. Bengkulu Utara","5.00","PERLU DITINGKATKAN","1850690000.00"
"Kab. Rejang Lebong","34.00","BAIK","11999994000.00"
"Kota Bengkulu","67.00","BAIK","23647047000.00"
"Kab. Kaur","3.00","PERLU DITINGKATKAN","1110414000.00"
"Kab. Seluma","20.00","PERLU DITINGKATKAN","7402760000.00"
"Kab. Mukomuko","3.00","PERLU DITINGKATKAN","1110414000.00"
"Kab. Lebong","11.00","SANGAT PERLU DITINGKATKAN","4224000000.00"
"Kab. Kepahiang","12.00","SANGAT PERLU DITINGKATKAN","4608000000.00"
"Kab. Bengkulu Tengah","1.00","PERLU DITINGKATKAN","370138000.00"
"Provinsi  Lampung","0","-","0"
"Kab. Lampung Barat","5.00","PERLU DITINGKATKAN","1850690000.00"
"Kab. Lampung Selatan","4.00","PERLU DITINGKATKAN","1480552000.00"
"Kab. Lampung Tengah","10.00","SANGAT PERLU DITINGKATKAN","3840000000.00"
"Kab. Lampung Utara","15.00","PERLU DITINGKATKAN","5552070000.00"
"Kab. Lampung Timur","0","-","0"
"Kab. Tanggamus","3.00","PERLU DITINGKATKAN","1110414000.00"
"Kab. Tulang Bawang","4.00","PERLU DITINGKATKAN","1480552000.00"
"Kab. Way Kanan","6.00","SANGAT PERLU DITINGKATKAN","2304000000.00"
"Kota Bandar Lampung","126.00","PERLU DITINGKATKAN","46637388000.00"
"Kota Metro","22.00","BAIK","7764702000.00"
"Kab. Pesawaran","0","-","0"
"Kab. Pringsewu","5.00","SANGAT PERLU DITINGKATKAN","1920000000.00"
"Kab. Mesuji","0","-","0"
"Kab. Tulang Bawang Barat","3.00","PERLU DITINGKATKAN","1110414000.00"
"Kab. Pesisir Barat","2.00","PERLU DITINGKATKAN","740276000.00"
"Provinsi DKI Jakarta","0","-","0"
"Provinsi Jawa Barat","0","-","0"
"Kab. Bandung","10.00","PERLU DITINGKATKAN","3701380000.00"
"Kab. Bekasi","7.00","PERLU DITINGKATKAN","2590966000.00"
"Kab. Bogor","19.00","PERLU DITINGKATKAN","7032622000.00"
"Kab. Ciamis","7.00","PERLU DITINGKATKAN","2590966000.00"
"Kab. Cianjur","6.00","PERLU DITINGKATKAN","2220828000.00"
"Kab. Cirebon","12.00","PERLU DITINGKATKAN","4441656000.00"
"Kab. Garut","21.00","SANGAT PERLU DITINGKATKAN","8064000000.00"
"Kab. Indramayu","8.00","PERLU DITINGKATKAN","2961104000.00"
"Kab. Karawang","12.00","BAIK","4235292000.00"
"Kab. Kuningan","15.00","PERLU DITINGKATKAN","5552070000.00"
"Kab. Majalengka","13.00","PERLU DITINGKATKAN","4811794000.00"
"Kab. Purwakarta","9.00","SANGAT PERLU DITINGKATKAN","3456000000.00"
"Kab. Subang","8.00","PERLU DITINGKATKAN","2961104000.00"
"Kab. Sukabumi","5.00","PERLU DITINGKATKAN","1850690000.00"
"Kab. Sumedang","7.00","BAIK","2470587000.00"
"Kab. Tasikmalaya","0","-","0"
"Kota Bandung","151.00","BAIK","53294091000.00"
"Kota Bekasi","56.00","BAIK","19764696000.00"
"Kota Bogor","68.00","PERLU DITINGKATKAN","25169384000.00"
"Kota Cirebon","22.00","BAIK","7764702000.00"
"Kota Depok","63.00","PERLU DITINGKATKAN","23318694000.00"
"Kota Sukabumi","33.00","BAIK","11647053000.00"
"Kota Tasikmalaya","69.00","PERLU DITINGKATKAN","25539522000.00"
"Kota Cimahi","15.00","PERLU DITINGKATKAN","5552070000.00"
"Kota Banjar","9.00","BAIK","3176469000.00"
"Kab. Bandung Barat","0","-","0"
"Kab. Pangandaran","0","-","0"
"Provinsi Jawa Tengah","0","-","0"
"Kab. Banjarnegara","12.00","PERLU DITINGKATKAN","4441656000.00"
"Kab. Banyumas","30.00","BAIK","10588230000.00"
"Kab. Batang","9.00","PERLU DITINGKATKAN","3331242000.00"
"Kab. Blora","24.00","PERLU DITINGKATKAN","8883312000.00"
"Kab. Boyolali","6.00","BAIK","2117646000.00"
"Kab. Brebes","5.00","PERLU DITINGKATKAN","1850690000.00"
"Kab. Cilacap","15.00","BAIK","5294115000.00"
"Kab. Demak","6.00","BAIK","2117646000.00"
"Kab. Grobogan","7.00","BAIK","2470587000.00"
"Kab. Jepara","11.00","PERLU DITINGKATKAN","4071518000.00"
"Kab. Karanganyar","15.00","PERLU DITINGKATKAN","5552070000.00"
"Kab. Kebumen","11.00","PERLU DITINGKATKAN","4071518000.00"
"Kab. Kendal","20.00","PERLU DITINGKATKAN","7402760000.00"
"Kab. Klaten","10.00","BAIK","3529410000.00"
"Kab. Kudus","9.00","BAIK","3176469000.00"
"Kab. Magelang","5.00","PERLU DITINGKATKAN","1850690000.00"
"Kab. Pati","5.00","PERLU DITINGKATKAN","1850690000.00"
"Kab. Pekalongan","13.00","BAIK","4588233000.00"
"Kab. Pemalang","11.00","PERLU DITINGKATKAN","4071518000.00"
"Kab. Purbalingga","15.00","BAIK","5294115000.00"
"Kab. Purworejo","25.00","BAIK","8823525000.00"
"Kab. Rembang","7.00","PERLU DITINGKATKAN","2590966000.00"
"Kab. Semarang","27.00","BAIK","9529407000.00"
"Kab. Sragen","12.00","BAIK","4235292000.00"
"Kab. Sukoharjo","17.00","PERLU DITINGKATKAN","6292346000.00"
"Kab. Tegal","6.00","BAIK","2117646000.00"
"Kab. Temanggung","23.00","PERLU DITINGKATKAN","8513174000.00"
"Kab. Wonogiri","43.00","BAIK","15176463000.00"
"Kab. Wonosobo","29.00","PERLU DITINGKATKAN","10734002000.00"
"Kota Magelang","17.00","BAIK","5999997000.00"
"Kota Pekalongan","27.00","BAIK","9529407000.00"
"Kota Salatiga","23.00","BAIK","8117643000.00"
"Kota Semarang","177.00","BAIK","62471136000.00"
"Kota Surakarta","51.00","PERLU DITINGKATKAN","18877038000.00"
"Kota Tegal","27.00","BAIK","9529407000.00"
"Provinsi DI Yogyakarta","0","-","0"
"Kab. Bantul","0","-","0"
"Kab. Gunung Kidul","0","-","0"
"Kab. Kulon Progo","1.00","BAIK","352941000.00"
"Kab. Sleman","0","-","0"
"Kota Yogyakarta","45.00","BAIK","15882345000.00"
"Provinsi Jawa Timur","0","-","0"
"Kab. Bangkalan","8.00","SANGAT PERLU DITINGKATKAN","3072000000.00"
"Kab. Banyuwangi","28.00","PERLU DITINGKATKAN","10363864000.00"
"Kab. Blitar","28.00","PERLU DITINGKATKAN","10363864000.00"
"Kab. Bojonegoro","11.00","BAIK","3882351000.00"
"Kab. Bondowoso","10.00","SANGAT PERLU DITINGKATKAN","3840000000.00"
"Kab. Gresik","26.00","PERLU DITINGKATKAN","9623588000.00"
"Kab. Jember","22.00","PERLU DITINGKATKAN","8143036000.00"
"Kab. Jombang","4.00","BAIK","1411764000.00"
"Kab. Kediri","1.00","BAIK","352941000.00"
"Kab. Lamongan","12.00","PERLU DITINGKATKAN","4441656000.00"
"Kab. Lumajang","7.00","PERLU DITINGKATKAN","2590966000.00"
"Kab. Madiun","8.00","BAIK","2823528000.00"
"Kab. Magetan","28.00","BAIK","9882348000.00"
"Kab. Malang","12.00","PERLU DITINGKATKAN","4441656000.00"
"Kab. Mojokerto","5.00","PERLU DITINGKATKAN","1850690000.00"
"Kab. Nganjuk","20.00","BAIK","7058820000.00"
"Kab. Ngawi","4.00","BAIK","1411764000.00"
"Kab. Pacitan","5.00","PERLU DITINGKATKAN","1850690000.00"
"Kab. Pamekasan","11.00","SANGAT PERLU DITINGKATKAN","4224000000.00"
"Kab. Pasuruan","24.00","PERLU DITINGKATKAN","8883312000.00"
"Kab. Ponorogo","26.00","PERLU DITINGKATKAN","9623588000.00"
"Kab. Probolinggo","5.00","PERLU DITINGKATKAN","1850690000.00"
"Kab. Sampang","6.00","PERLU DITINGKATKAN","2220828000.00"
"Kab. Sidoarjo","31.00","BAIK","10941171000.00"
"Kab. Situbondo","4.00","PERLU DITINGKATKAN","1480552000.00"
"Kab. Sumenep","4.00","PERLU DITINGKATKAN","1480552000.00"
"Kab. Trenggalek","5.00","PERLU DITINGKATKAN","1850690000.00"
"Kab. Tuban","17.00","BAIK","5999997000.00"
"Kab. Tulungagung","14.00","BAIK","4941174000.00"
"Kota Blitar","21.00","BAIK","7411761000.00"
"Kota Kediri","46.00","BAIK","16235286000.00"
"Kota Madiun","27.00","BAIK","9529407000.00"
"Kota Malang","57.00","BAIK","20117637000.00"
"Kota Mojokerto","18.00","BAIK","6352938000.00"
"Kota Pasuruan","34.00","BAIK","11999994000.00"
"Kota Probolinggo","29.00","BAIK","10235289000.00"
"Kota Surabaya","154.00","BAIK","54352914000.00"
"Kota Batu","5.00","PERLU DITINGKATKAN","1850690000.00"
"Provinsi Kalimantan Barat","0","-","0"
"Kab. Bengkayang","2.00","PERLU DITINGKATKAN","740276000.00"
"Kab. Landak","0","-","0"
"Kab. Kapuas Hulu","4.00","SANGAT PERLU DITINGKATKAN","1536000000.00"
"Kab. Ketapang","9.00","PERLU DITINGKATKAN","3331242000.00"
"Kab. Mempawah","7.00","PERLU DITINGKATKAN","2590966000.00"
"Kab. Sambas","0","-","0"
"Kab. Sanggau","6.00","SANGAT PERLU DITINGKATKAN","2304000000.00"
"Kab. Sintang","16.00","SANGAT PERLU DITINGKATKAN","6144000000.00"
"Kota Pontianak","29.00","PERLU DITINGKATKAN","10734002000.00"
"Kota Singkawang","26.00","PERLU DITINGKATKAN","9623588000.00"
"Kab. Sekadau","0","-","0"
"Kab. Melawi","0","-","0"
"Kab. Kayong Utara","0","-","0"
"Kab. Kubu Raya","0","-","0"
"Provinsi Kalimantan Tengah","0","-","0"
"Kab. Barito Selatan","7.00","SANGAT PERLU DITINGKATKAN","2688000000.00"
"Kab. Barito Utara","10.00","PERLU DITINGKATKAN","3701380000.00"
"Kab. Kapuas","17.00","SANGAT PERLU DITINGKATKAN","6528000000.00"
"Kab. Kotawaringin Barat","13.00","SANGAT PERLU DITINGKATKAN","4992000000.00"
"Kab. Kotawaringin Timur","17.00","SANGAT PERLU DITINGKATKAN","6528000000.00"
"Kota Palangkaraya","30.00","SANGAT PERLU DITINGKATKAN","11520000000.00"
"Kab. Katingan","7.00","SANGAT PERLU DITINGKATKAN","2688000000.00"
"Kab. Seruyan","3.00","PERLU DITINGKATKAN","1110414000.00"
"Kab. Sukamara","3.00","PERLU DITINGKATKAN","1110414000.00"
"Kab. Lamandau","3.00","SANGAT PERLU DITINGKATKAN","1152000000.00"
"Kab. Gunung Mas","13.00","PERLU DITINGKATKAN","4811794000.00"
"Kab. Pulang Pisau","4.00","SANGAT PERLU DITINGKATKAN","1536000000.00"
"Kab. Murung Raya","9.00","SANGAT PERLU DITINGKATKAN","3456000000.00"
"Kab. Barito Timur","3.00","SANGAT PERLU DITINGKATKAN","1152000000.00"
"Provinsi Kalimantan Selatan","0","-","0"
"Kab. Banjar","13.00","PERLU DITINGKATKAN","4811794000.00"
"Kab. Barito Kuala","6.00","PERLU DITINGKATKAN","2220828000.00"
"Kab. Hulu Sungai Selatan","4.00","SANGAT PERLU DITINGKATKAN","1536000000.00"
"Kab. Hulu Sungai Tengah","8.00","SANGAT PERLU DITINGKATKAN","3072000000.00"
"Kab. Hulu Sungai Utara","5.00","PERLU DITINGKATKAN","1850690000.00"
"Kab. Kotabaru","4.00","SANGAT PERLU DITINGKATKAN","1536000000.00"
"Kab. Tabalong","10.00","PERLU DITINGKATKAN","3701380000.00"
"Kab. Tanah Laut","5.00","SANGAT PERLU DITINGKATKAN","1920000000.00"
"Kab. Tapin","9.00","PERLU DITINGKATKAN","3331242000.00"
"Kota Banjarbaru","20.00","PERLU DITINGKATKAN","7402760000.00"
"Kota Banjarmasin","52.00","PERLU DITINGKATKAN","19247176000.00"
"Kab. Balangan","3.00","SANGAT PERLU DITINGKATKAN","1152000000.00"
"Kab. Tanah Bumbu","5.00","PERLU DITINGKATKAN","1850690000.00"
"Provinsi Kalimantan Timur","0","-","0"
"Kab. Berau","10.00","PERLU DITINGKATKAN","3701380000.00"
"Kab. Kutai Kartanegara","44.00","PERLU DITINGKATKAN","16286072000.00"
"Kab. Kutai Barat","4.00","PERLU DITINGKATKAN","1480552000.00"
"Kab. Kutai Timur","2.00","PERLU DITINGKATKAN","740276000.00"
"Kab. Paser","5.00","PERLU DITINGKATKAN","1850690000.00"
"Kota Balikpapan","34.00","BAIK","11999994000.00"
"Kota Bontang","15.00","BAIK","5294115000.00"
"Kota Samarinda","59.00","BAIK","20823519000.00"
"Kab. Penajam Paser Utara","24.00","PERLU DITINGKATKAN","8883312000.00"
"Kab. Mahakam Ulu","0","-","0"
"Provinsi Sulawesi Utara","0","-","0"
"Kab. Bolaang Mongondow","2.00","PERLU DITINGKATKAN","740276000.00"
"Kab. Minahasa","43.00","PERLU DITINGKATKAN","15915934000.00"
"Kab. Kepulauan Sangihe","22.00","PERLU DITINGKATKAN","8143036000.00"
"Kota Bitung","69.00","PERLU DITINGKATKAN","25539522000.00"
"Kota Manado","87.00","PERLU DITINGKATKAN","32202006000.00"
"Kab. Kepulauan Talaud","11.00","PERLU DITINGKATKAN","4071518000.00"
"Kab. Minahasa Selatan","10.00","SANGAT PERLU DITINGKATKAN","3840000000.00"
"Kota Tomohon","44.00","BAIK","15529404000.00"
"Kab. Minahasa Utara","6.00","SANGAT PERLU DITINGKATKAN","2304000000.00"
"Kab. Kep. Siau Tagulandang Biaro","10.00","PERLU DITINGKATKAN","3701380000.00"
"Kota Kotamobagu","18.00","PERLU DITINGKATKAN","6662484000.00"
"Kab. Bolaang Mongondow Utara","1.00","PERLU DITINGKATKAN","370138000.00"
"Kab. Minahasa Tenggara","9.00","SANGAT PERLU DITINGKATKAN","3456000000.00"
"Kab. Bolaang Mongondow Timur","0","-","0"
"Kab. Bolaang Mongondow Selatan","0","-","0"
"Provinsi Sulawesi Tengah","0","-","0"
"Kab. Banggai","46.00","PERLU DITINGKATKAN","17026348000.00"
"Kab. Banggai Kepulauan","3.00","PERLU DITINGKATKAN","1110414000.00"
"Kab. Buol","7.00","PERLU DITINGKATKAN","2590966000.00"
"Kab. Toli-Toli","6.00","PERLU DITINGKATKAN","2220828000.00"
"Kab. Donggala","9.00","PERLU DITINGKATKAN","3331242000.00"
"Kab. Morowali","7.00","PERLU DITINGKATKAN","2590966000.00"
"Kab. Poso","28.00","PERLU DITINGKATKAN","10363864000.00"
"Kota Palu","46.00","BAIK","16235286000.00"
"Kab. Parigi Moutong","5.00","PERLU DITINGKATKAN","1850690000.00"
"Kab. Tojo Una Una","12.00","PERLU DITINGKATKAN","4441656000.00"
"Kab. Sigi","0","-","0"
"Kab. Banggai Laut","3.00","BAIK","1058823000.00"
"Kab. Morowali Utara","3.00","PERLU DITINGKATKAN","1110414000.00"
"Provinsi Sulawesi Selatan","0","-","0"
"Kab. Bantaeng","21.00","PERLU DITINGKATKAN","7772898000.00"
"Kab. Barru","15.00","BAIK","5294115000.00"
"Kab. Bone","44.00","SANGAT PERLU DITINGKATKAN","16896000000.00"
"Kab. Bulukumba","27.00","PERLU DITINGKATKAN","9993726000.00"
"Kab. Enrekang","17.00","PERLU DITINGKATKAN","6292346000.00"
"Kab. Gowa","46.00","PERLU DITINGKATKAN","17026348000.00"
"Kab. Jeneponto","31.00","PERLU DITINGKATKAN","11474278000.00"
"Kab. Luwu","20.00","SANGAT PERLU DITINGKATKAN","7680000000.00"
"Kab. Luwu Utara","7.00","BAIK","2470587000.00"
"Kab. Maros","23.00","PERLU DITINGKATKAN","8513174000.00"
"Kab. Pangkajene Kepulauan","38.00","PERLU DITINGKATKAN","14065244000.00"
"Kota Palopo","48.00","BAIK","16941168000.00"
"Kab. Luwu Timur","3.00","PERLU DITINGKATKAN","1110414000.00"
"Kab. Pinrang","39.00","PERLU DITINGKATKAN","14435382000.00"
"Kab. Sinjai","13.00","PERLU DITINGKATKAN","4811794000.00"
"Kab. Kepulauan Selayar","7.00","PERLU DITINGKATKAN","2590966000.00"
"Kab. Sidenreng Rappang","38.00","PERLU DITINGKATKAN","14065244000.00"
"Kab. Soppeng","21.00","SANGAT PERLU DITINGKATKAN","8064000000.00"
"Kab. Takalar","24.00","BAIK","8470584000.00"
"Kab. Tana Toraja","47.00","PERLU DITINGKATKAN","17396486000.00"
"Kab. Wajo","48.00","PERLU DITINGKATKAN","17766624000.00"
"Kota Pare-pare","22.00","PERLU DITINGKATKAN","8143036000.00"
"Kota Makassar","153.00","BAIK","53999973000.00"
"Kab. Toraja Utara","40.00","BAIK","14117640000.00"
"Provinsi Sulawesi Tenggara","0","-","0"
"Kab. Buton","12.00","PERLU DITINGKATKAN","4441656000.00"
"Kab. Konawe","57.00","PERLU DITINGKATKAN","21097866000.00"
"Kab. Kolaka","35.00","PERLU DITINGKATKAN","12954830000.00"
"Kab. Muna","26.00","PERLU DITINGKATKAN","9623588000.00"
"Kota Kendari","64.00","PERLU DITINGKATKAN","23688832000.00"
"Kota Bau-bau","43.00","PERLU DITINGKATKAN","15915934000.00"
"Kab. Konawe Selatan","15.00","SANGAT PERLU DITINGKATKAN","5760000000.00"
"Kab. Bombana","22.00","BAIK","7764702000.00"
"Kab. Wakatobi","26.00","PERLU DITINGKATKAN","9623588000.00"
"Kab. Kolaka Utara","6.00","SANGAT PERLU DITINGKATKAN","2304000000.00"
"Kab. Konawe Utara","11.00","PERLU DITINGKATKAN","4071518000.00"
"Kab. Buton Utara","12.00","PERLU DITINGKATKAN","4441656000.00"
"Kab. Konawe Kepulauan","7.00","PERLU DITINGKATKAN","2590966000.00"
"Kab. Kolaka Timur","16.00","PERLU DITINGKATKAN","5922208000.00"
"Kab. Muna Barat","5.00","PERLU DITINGKATKAN","1850690000.00"
"Kab. Buton Tengah","10.00","PERLU DITINGKATKAN","3701380000.00"
"Kab. Buton Selatan","10.00","BAIK","3529410000.00"
"Provinsi Bali","0","-","0"
"Kab. Badung","16.00","BAIK","5647056000.00"
"Kab. Bangli","4.00","PERLU DITINGKATKAN","1480552000.00"
"Kab. Buleleng","19.00","BAIK","6705879000.00"
"Kab. Gianyar","6.00","BAIK","2117646000.00"
"Kab. Jembrana","10.00","PERLU DITINGKATKAN","3701380000.00"
"Kab. Karangasem","3.00","BAIK","1058823000.00"
"Kab. Klungkung","6.00","BAIK","2117646000.00"
"Kab. Tabanan","0","-","0"
"Kota Denpasar","16.00","BAIK","5647056000.00"
"Provinsi Nusa Tenggara Barat","0","-","0"
"Kab. Bima","0","-","0"
"Kab. Dompu","9.00","PERLU DITINGKATKAN","3331242000.00"
"Kab. Lombok Barat","3.00","PERLU DITINGKATKAN","1110414000.00"
"Kab. Lombok Tengah","12.00","PERLU DITINGKATKAN","4441656000.00"
"Kab. Lombok Timur","15.00","PERLU DITINGKATKAN","5552070000.00"
"Kab. Sumbawa","8.00","PERLU DITINGKATKAN","2961104000.00"
"Kota Mataram","50.00","PERLU DITINGKATKAN","18506900000.00"
"Kota Bima","38.00","PERLU DITINGKATKAN","14065244000.00"
"Kab. Sumbawa Barat","7.00","PERLU DITINGKATKAN","2590966000.00"
"Kab. Lombok Utara","0","-","0"
"Provinsi Nusa Tenggara Timur","0","-","0"
"Kab. Alor","17.00","PERLU DITINGKATKAN","6292346000.00"
"Kab. Belu","12.00","PERLU DITINGKATKAN","4441656000.00"
"Kab. Ende","23.00","PERLU DITINGKATKAN","8513174000.00"
"Kab. Flores Timur","21.00","PERLU DITINGKATKAN","7772898000.00"
"Kab. Kupang","17.00","PERLU DITINGKATKAN","6292346000.00"
"Kab. Lembata","7.00","SANGAT PERLU DITINGKATKAN","2688000000.00"
"Kab. Manggarai","26.00","SANGAT PERLU DITINGKATKAN","9984000000.00"
"Kab. Ngada","16.00","PERLU DITINGKATKAN","5922208000.00"
"Kab. Sikka","13.00","PERLU DITINGKATKAN","4811794000.00"
"Kab. Sumba Barat","11.00","SANGAT PERLU DITINGKATKAN","4224000000.00"
"Kab. Sumba Timur","16.00","PERLU DITINGKATKAN","5922208000.00"
"Kab. Timor Tengah Selatan","12.00","PERLU DITINGKATKAN","4441656000.00"
"Kab. Timor Tengah Utara","33.00","PERLU DITINGKATKAN","12214554000.00"
"Kota Kupang","51.00","PERLU DITINGKATKAN","18877038000.00"
"Kab. Rote Ndao","7.00","PERLU DITINGKATKAN","2590966000.00"
"Kab. Manggarai Barat","5.00","BAIK","1764705000.00"
"Kab. Nagekeo","16.00","PERLU DITINGKATKAN","5922208000.00"
"Kab. Sumba Barat Daya","2.00","PERLU DITINGKATKAN","740276000.00"
"Kab. Sumba Tengah","0","-","0"
"Kab. Manggarai Timur","17.00","SANGAT PERLU DITINGKATKAN","6528000000.00"
"Kab. Sabu Raijua","5.00","PERLU DITINGKATKAN","1850690000.00"
"Kab. Malaka","0","-","0"
"Provinsi Maluku","0","-","0"
"Kab. Maluku Tenggara Barat","2.00","PERLU DITINGKATKAN","740276000.00"
"Kab. Maluku Tengah","6.00","PERLU DITINGKATKAN","2220828000.00"
"Kab. Maluku Tenggara","1.00","PERLU DITINGKATKAN","370138000.00"
"Kab. Buru","0","-","0"
"Kota Ambon","20.00","BAIK","7058820000.00"
"Kab. Seram Bagian Barat","0","-","0"
"Kab. Seram Bagian Timur","0","-","0"
"Kab. Kepulauan Aru","2.00","PERLU DITINGKATKAN","740276000.00"
"Kota Tual","3.00","PERLU DITINGKATKAN","1110414000.00"
"Kab. Maluku Barat Daya","1.00","PERLU DITINGKATKAN","370138000.00"
"Kab. Buru Selatan","0","-","0"
"Provinsi Papua","0","-","0"
"Kab. Biak Numfor","14.00","PERLU DITINGKATKAN","5181932000.00"
"Kab. Jayapura","5.00","PERLU DITINGKATKAN","1850690000.00"
"Kab. Jayawijaya","4.00","SANGAT PERLU DITINGKATKAN","1536000000.00"
"Kab. Merauke","11.00","PERLU DITINGKATKAN","4071518000.00"
"Kab. Mimika","19.00","SANGAT PERLU DITINGKATKAN","7296000000.00"
"Kab. Nabire","9.00","PERLU DITINGKATKAN","3331242000.00"
"Kab. Paniai","5.00","PERLU DITINGKATKAN","1850690000.00"
"Kab. Puncak Jaya","3.00","SANGAT PERLU DITINGKATKAN","1152000000.00"
"Kab. Kepulauan Yapen","5.00","SANGAT PERLU DITINGKATKAN","1920000000.00"
"Kota Jayapura","25.00","BAIK","8823525000.00"
"Kab. Sarmi","2.00","SANGAT PERLU DITINGKATKAN","768000000.00"
"Kab. Keerom","0","-","0"
"Kab. Yahukimo","1.00","SANGAT PERLU DITINGKATKAN","384000000.00"
"Kab. Pegunungan Bintang","0","-","0"
"Kab. Tolikara","4.00","SANGAT PERLU DITINGKATKAN","1536000000.00"
"Kab. Boven Digoel","0","-","0"
"Kab. Mappi","2.00","SANGAT PERLU DITINGKATKAN","768000000.00"
"Kab. Asmat","0","-","0"
"Kab. Waropen","0","-","0"
"Kab. Supiori","0","-","0"
"Kab. Mamberamo Raya","0","-","0"
"Kab. Mamberamo Tengah","0","-","0"
"Kab. Yalimo","0","-","0"
"Kab. Lanny Jaya","1.00","SANGAT PERLU DITINGKATKAN","384000000.00"
"Kab. Nduga","0","-","0"
"Kab. Dogiyai","0","-","0"
"Kab. Puncak","0","-","0"
"Kab. Intan Jaya","0","-","0"
"Kab. Deiyai","0","-","0"
"Provinsi Maluku Utara","0","-","0"
"Kab. Halmahera Tengah","0","-","0"
"Kota Ternate","77.00","BAIK","27176457000.00"
"Kab. Halmahera Barat","0","-","0"
"Kab. Halmahera Timur","0","-","0"
"Kab. Halmahera Selatan","0","-","0"
"Kab. Halmahera Utara","0","-","0"
"Kab. Kepulauan Sula","0","-","0"
"Kota Tidore Kepulauan","40.00","BAIK","14117640000.00"
"Kab. Pulau Morotai","0","-","0"
"Kab. Pulau Taliabu","0","-","0"
"Provinsi Banten","0","-","0"
"Kab. Lebak","5.00","PERLU DITINGKATKAN","1850690000.00"
"Kab. Pandeglang","13.00","SANGAT PERLU DITINGKATKAN","4992000000.00"
"Kab. Serang","0","-","0"
"Kab. Tangerang","28.00","PERLU DITINGKATKAN","10363864000.00"
"Kota Cilegon","43.00","BAIK","15176463000.00"
"Kota Tangerang","104.00","PERLU DITINGKATKAN","38494352000.00"
"Kota Serang","66.00","PERLU DITINGKATKAN","24429108000.00"
"Kota Tangerang Selatan","54.00","PERLU DITINGKATKAN","19987452000.00"
"Provinsi  Bangka Belitung","0","-","0"
"Kab. Bangka","19.00","BAIK","6705879000.00"
"Kab. Belitung","7.00","PERLU DITINGKATKAN","2590966000.00"
"Kota Pangkal Pinang","42.00","PERLU DITINGKATKAN","15545796000.00"
"Kab. Bangka Selatan","3.00","PERLU DITINGKATKAN","1110414000.00"
"Kab. Bangka Tengah","7.00","PERLU DITINGKATKAN","2590966000.00"
"Kab. Bangka Barat","4.00","BAIK","1411764000.00"
"Kab. Belitung Timur","0","-","0"
"Provinsi Gorontalo","0","-","0"
"Kab. Boalemo","0","-","0"
"Kab. Gorontalo","14.00","PERLU DITINGKATKAN","5181932000.00"
"Kota Gorontalo","50.00","PERLU DITINGKATKAN","18506900000.00"
"Kab. Pohuwato","3.00","BAIK","1058823000.00"
"Kab. Bone Bolango","5.00","BAIK","1764705000.00"
"Kab. Gorontalo Utara","0","-","0"
"Provinsi Kepulauan Riau","0","-","0"
"Kab. Natuna","6.00","PERLU DITINGKATKAN","2220828000.00"
"Kab. Kepulauan Anambas","2.00","SANGAT PERLU DITINGKATKAN","768000000.00"
"Kab. Karimun","29.00","PERLU DITINGKATKAN","10734002000.00"
"Kota Batam","64.00","BAIK","22588224000.00"
"Kota Tanjung Pinang","18.00","BAIK","6352938000.00"
"Kab. Lingga","7.00","PERLU DITINGKATKAN","2590966000.00"
"Kab. Bintan","15.00","BAIK","5294115000.00"
"Provinsi Papua Barat","0","-","0"
"Kab. Fak Fak","7.00","PERLU DITINGKATKAN","2590966000.00"
"Kab. Manokwari","9.00","SANGAT PERLU DITINGKATKAN","3456000000.00"
"Kab. Sorong","26.00","PERLU DITINGKATKAN","9623588000.00"
"Kota Sorong","41.00","PERLU DITINGKATKAN","15175658000.00"
"Kab. Raja Ampat","4.00","PERLU DITINGKATKAN","1480552000.00"
"Kab. Sorong Selatan","2.00","PERLU DITINGKATKAN","740276000.00"
"Kab. Teluk Bintuni","2.00","PERLU DITINGKATKAN","740276000.00"
"Kab. Teluk Wondama","1.00","SANGAT PERLU DITINGKATKAN","384000000.00"
"Kab. Kaimana","2.00","PERLU DITINGKATKAN","740276000.00"
"Kab. Maybrat","1.00","PERLU DITINGKATKAN","370138000.00"
"Kab. Tambrauw","0","-","0"
"Kab. Manokwari Selatan","0","-","0"
"Kab. Pegunungan Arfak","0","-","0"
"Provinsi Sulawesi Barat","0","-","0"
"Kab. Majene","20.00","PERLU DITINGKATKAN","7402760000.00"
"Kab. Mamuju","13.00","PERLU DITINGKATKAN","4811794000.00"
"Kab. Polewali Mandar","23.00","PERLU DITINGKATKAN","8513174000.00"
"Kab. Mamasa","13.00","PERLU DITINGKATKAN","4811794000.00"
"Kab. Pasangkayu","4.00","PERLU DITINGKATKAN","1480552000.00"
"Kab. Mamuju Tengah","0","-","0"
"Provinsi Kalimantan Utara","0","-","0"
"Kab. Bulungan","7.00","PERLU DITINGKATKAN","2590966000.00"
"Kab. Malinau","0","-","0"
"Kab. Nunukan","8.00","PERLU DITINGKATKAN","2961104000.00"
"Kota Tarakan","20.00","PERLU DITINGKATKAN","7402760000.00"
"Kab. Tana Tidung","0","-","0"
