,0,1,2,3,4,5,6,7,8,9,10,11,12,13,14,15,16,17,18
0,Daerah,Kriteria Utama,Opini BPK atas LKPD,Penetapan Perda APBD Tepat Waktu,Penggunaan e-procurement,Memenuhi/Tidak Memenuhi Kriteria Utama,Kategori Kinerja,Kesehatan Fiskal dan Pengelolaan Keuangan Daerah,Pelayanan Dasar Publik,Infrastruktur,Kesehatan,Pendidikan,Pelayanan Pemerintahan Umum,Inovasi Pelayanan Publik,Kemudahan Investasi,Penyelenggaraan Pemerintahan,Perencanaan Daerah,Sistem Akuntabilitas Kinerja Instansi Pemerintah,Kesejahteraan Masyarakat
1,Provinsi Aceh,-,WTP,Tidak Tepat Waktu,Menggunakan,Tidak Memenuhi,-,"72,21",-,"68,83","61,96","67,58",-,Tidak,Tidak,Tidak,Tidak,Tidak,"57,03"
2,Kab. Aceh Barat,-,WTP,Tepat Waktu,Menggunakan,Memenuhi,-,"54,30",-,"74,61","68,75","67,86",-,Tidak,Tidak,Tidak,Tidak,Tidak,"83,57"
3,Kab. Aceh Besar,-,WTP,Tepat Waktu,Menggunakan,Memenuhi,-,"42,68",-,"71,93","79,08","56,03",-,Tidak,Tidak,Tidak,Tidak,Tidak,"62,49"
4,Kab. Aceh Selatan,-,WTP,Tepat Waktu,Menggunakan,Memenuhi,-,"57,63",-,"70,03","76,15","78,42",-,Tidak,Tidak,Tidak,Tidak,Tidak,"66,52"
5,Kab. Aceh Singkil,-,WTP,Tidak Tepat Waktu,Menggunakan,Tidak Memenuhi,-,"51,98",-,"65,62","76,03","78,73",-,Tidak,Tidak,Tidak,Tidak,Tidak,"69,32"
6,Kab. Aceh Tengah,-,WTP,Tepat Waktu,Menggunakan,Memenuhi,-,"39,13",-,"67,44","64,55","74,57",-,Tidak,Tidak,Tidak,Tidak,Tidak,"74,49"
7,Kab. Aceh Tenggara,-,WDP,Tidak Tepat Waktu,Menggunakan,Tidak Memenuhi,-,"51,10",-,"50,41","65,98","81,85",-,Tidak,Tidak,Tidak,Tidak,Tidak,"73,70"
8,Kab. Aceh Timur,-,WTP,Tepat Waktu,Menggunakan,Memenuhi,-,"58,09",-,"57,19","58,85","79,68",-,Tidak,Tidak,Tidak,Tidak,Tidak,"84,93"
9,Kab. Aceh Utara,-,WTP,Tidak Tepat Waktu,Menggunakan,Tidak Memenuhi,-,"56,99",-,"54,09","62,60","66,20",-,Tidak,Tidak,Tidak,Tidak,Tidak,"45,67"
10,Kab. Bireuen,-,WTP,Tepat Waktu,Menggunakan,Memenuhi,-,"46,60",-,"58,27","52,16","59,71",-,Tidak,Tidak,Tidak,Tidak,Tidak,"67,81"
11,Kab. Pidie                                        ,-,WTP,Tidak Tepat Waktu,Menggunakan,Tidak Memenuhi,-,"56,42",-,"60,56","67,11","65,91",-,Tidak,Tidak,Tidak,Tidak,Tidak,"45,47"
12,Kab. Simeulue,-,WTP,Tepat Waktu,Menggunakan,Memenuhi,-,"62,08",-,"60,86","71,30","79,75",-,Tidak,Tidak,Tidak,Tidak,Tidak,"68,88"
13,Kota Banda Aceh,-,WTP,Tepat Waktu,Menggunakan,Memenuhi,-,"54,95",-,"73,18","61,99","81,03",-,Tidak,Tidak,Tidak,Tidak,Tidak,"73,31"
14,Kota Sabang,-,WTP,Tepat Waktu,Menggunakan,Memenuhi,-,"60,40",-,"70,85","76,79","71,29",-,Tidak,Tidak,Tidak,Tidak,Tidak,"63,86"
15,Kota Langsa,-,WTP,Tidak Tepat Waktu,Menggunakan,Tidak Memenuhi,-,"52,43",-,"58,25","81,59","57,95",-,Tidak,Tidak,Tidak,Tidak,Tidak,"72,84"
16,Kota Lhokseumawe,-,WDP,Tidak Tepat Waktu,Menggunakan,Tidak Memenuhi,-,"53,94",-,"71,84","67,69","72,73",-,Tidak,Tidak,Tidak,Tidak,Tidak,"59,76"
17,Kab. Gayo Lues,-,WTP,Tepat Waktu,Menggunakan,Memenuhi,-,"60,41",-,"66,61","78,54","76,81",-,Tidak,Tidak,Tidak,Tidak,Tidak,"55,46"
18,Kab. Aceh Barat Daya,-,WTP,Tidak Tepat Waktu,Menggunakan,Tidak Memenuhi,-,"62,28",-,"60,71","72,06","68,87",-,Tidak,Tidak,Tidak,Tidak,Tidak,"70,32"
19,Kab. Aceh Jaya,-,WTP,Tepat Waktu,Menggunakan,Memenuhi,-,"64,14",-,"57,87","81,20","75,45",-,Tidak,Tidak,Tidak,Tidak,Tidak,"67,23"
20,Kab. Nagan Raya,-,WTP,Tepat Waktu,Menggunakan,Memenuhi,-,"51,75",-,"60,10","62,43","71,26",-,Tidak,Tidak,Tidak,Tidak,Tidak,"70,85"
21,Kab. Aceh Tamiang,-,WTP,Tepat Waktu,Menggunakan,Memenuhi,-,"61,20",-,"64,44","74,46","78,53",-,Tidak,Tidak,Tidak,Tidak,Tidak,"54,89"
22,Kab. Bener Meriah,-,WTP,Tepat Waktu,Menggunakan,Memenuhi,-,"45,40",-,"67,05","75,02","85,62",-,Tidak,Tidak,Tidak,Tidak,Tidak,"71,42"
23,Kab. Pidie Jaya,-,WTP,Tidak Tepat Waktu,Menggunakan,Tidak Memenuhi,-,"51,51",-,"39,12","72,67","76,83",-,Tidak,Tidak,Tidak,Tidak,Tidak,"65,19"
24,Kota Subulussalam,-,WTP,Tidak Tepat Waktu,Menggunakan,Tidak Memenuhi,-,"75,46",-,"51,09","43,42","67,72",-,Tidak,Tidak,Tidak,Tidak,Tidak,"55,60"
25,Provinsi Sumatera Utara,-,WTP,Tidak Tepat Waktu,Menggunakan,Tidak Memenuhi,-,"54,65",-,"68,79","75,34","70,14",-,Tidak,Tidak,Tidak,Tidak,Tidak,"50,95"
26,Kab. Asahan,-,WDP,Tidak Tepat Waktu,Menggunakan,Tidak Memenuhi,-,"46,57",-,"61,38","66,55","54,07",-,Tidak,Tidak,Tidak,Tidak,Tidak,"57,01"
27,Kab. Dairi,-,WTP,Tepat Waktu,Menggunakan,Memenuhi,-,"40,52",-,"66,05","81,55","62,51",-,Tidak,Tidak,Tidak,Tidak,Tidak,"65,39"
28,Kab. Deli Serdang,-,WDP,Tepat Waktu,Menggunakan,Tidak Memenuhi,-,"50,96",-,"62,17","79,80","68,09",-,Tidak,Tidak,Tidak,Tidak,Tidak,"69,49"
29,Kab. Karo,-,TMP,Tidak Tepat Waktu,Menggunakan,Tidak Memenuhi,-,"45,70",-,"56,36","70,08","78,92",-,Tidak,Tidak,Tidak,Tidak,Tidak,"60,26"
30,Kab. Labuhanbatu,-,WDP,Tidak Tepat Waktu,Menggunakan,Tidak Memenuhi,-,"58,11",-,"60,83","64,72","65,89",-,Tidak,Tidak,Tidak,Tidak,Tidak,"53,26"
31,Kab. Langkat,-,WDP,Tepat Waktu,Menggunakan,Tidak Memenuhi,-,"46,07",-,"61,37","74,26","66,72",-,Tidak,Tidak,Tidak,Tidak,Tidak,"57,49"
32,Kab. Mandailing Natal,-,WDP,Tidak Tepat Waktu,Menggunakan,Tidak Memenuhi,-,"54,94",-,"53,45","78,76","72,68",-,Tidak,Tidak,Tidak,Tidak,Tidak,"61,91"
33,Kab. Nias,-,WDP,Tidak Tepat Waktu,Menggunakan,Tidak Memenuhi,-,"57,02",-,"34,10","74,02","82,27",-,Tidak,Tidak,Tidak,Tidak,Tidak,"74,63"
34,Kab. Simalungun,-,WDP,Tidak Tepat Waktu,Menggunakan,Tidak Memenuhi,-,"52,60",-,"60,21","78,91","60,44",-,Tidak,Tidak,Tidak,Tidak,Tidak,"58,87"
35,Kab. Tapanuli Selatan,-,WTP,Tepat Waktu,Menggunakan,Memenuhi,-,"49,28",-,"38,41","59,03","64,47",-,Tidak,Tidak,Tidak,Tidak,Tidak,"57,12"
36,Kab. Tapanuli Tengah,-,WDP,Tidak Tepat Waktu,Menggunakan,Tidak Memenuhi,-,"49,43",-,"57,99","64,07","68,81",-,Tidak,Tidak,Tidak,Tidak,Tidak,"61,04"
37,Kab. Tapanuli Utara,-,WTP,Tepat Waktu,Menggunakan,Memenuhi,-,"54,47",-,"61,73","67,71","81,25",-,Tidak,Tidak,Tidak,Tidak,Tidak,"71,33"
38,Kab. Toba Samosir,-,WTP,Tepat Waktu,Menggunakan,Memenuhi,-,"61,34",-,"54,76","70,74","73,07",-,Tidak,Tidak,Tidak,Tidak,Tidak,"60,25"
39,Kota Binjai,-,WTP,Tepat Waktu,Menggunakan,Memenuhi,-,"53,38",-,"86,30","72,62","48,33",-,Tidak,Tidak,Tidak,Tidak,Tidak,"57,47"
40,Kota Medan,-,WDP,Tidak Tepat Waktu,Menggunakan,Tidak Memenuhi,-,"48,12",-,"79,28","70,85","62,19",-,Tidak,Tidak,Tidak,Tidak,Tidak,"60,27"
41,Kota Pematang Siantar,-,WTP,Tidak Tepat Waktu,Menggunakan,Tidak Memenuhi,-,"64,17",-,"68,04","47,09","64,70",-,Tidak,Tidak,Tidak,Tidak,Tidak,"75,63"
42,Kota Sibolga,-,TMP,Tidak Tepat Waktu,Menggunakan,Tidak Memenuhi,-,"52,15",-,"53,61","71,90","52,55",-,Tidak,Tidak,Tidak,Tidak,Tidak,"48,00"
43,Kota Tanjung Balai,-,WDP,Tidak Tepat Waktu,Menggunakan,Tidak Memenuhi,-,"50,39",-,"54,93","78,98","46,13",-,Tidak,Tidak,Tidak,Tidak,Tidak,"53,91"
44,Kota Tebing Tinggi,-,WTP,Tidak Tepat Waktu,Menggunakan,Tidak Memenuhi,-,"59,70",-,"75,16","87,01","60,03",-,Tidak,Tidak,Tidak,Tidak,Tidak,"70,20"
45,Kota Padang Sidempuan,-,WDP,Tidak Tepat Waktu,Menggunakan,Tidak Memenuhi,-,"64,89",-,"38,30","74,59","52,51",-,Tidak,Tidak,Tidak,Tidak,Tidak,"73,68"
46,Kab. Pakpak Bharat,-,WTP,Tepat Waktu,Menggunakan,Memenuhi,-,"53,02",-,"74,51","72,08","67,98",-,Tidak,Tidak,Tidak,Tidak,Tidak,"62,62"
47,Kab. Nias Selatan,-,TMP,Tepat Waktu,Menggunakan,Tidak Memenuhi,-,"32,58",-,"44,37","62,51","51,43",-,Tidak,Tidak,Tidak,Tidak,Tidak,"55,05"
48,Kab. Humbang Hasundutan,-,WTP,Tidak Tepat Waktu,Menggunakan,Tidak Memenuhi,-,"63,13",-,"68,59","79,23","71,92",-,Tidak,Tidak,Tidak,Tidak,Tidak,"63,51"
49,Kab. Serdang Bedagai,-,WDP,Tepat Waktu,Menggunakan,Tidak Memenuhi,-,"54,30",-,"65,24","79,63","71,13",-,Tidak,Tidak,Tidak,Tidak,Tidak,"70,89"
50,Kab. Samosir,-,WDP,Tepat Waktu,Menggunakan,Tidak Memenuhi,-,"54,90",-,"61,02","87,06","76,10",-,Tidak,Tidak,Tidak,Tidak,Tidak,"49,34"
51,Kab. Batu Bara,-,WDP,Tepat Waktu,Menggunakan,Tidak Memenuhi,-,"50,37",-,"61,82","65,31","65,44",-,Tidak,Tidak,Tidak,Tidak,Tidak,"74,64"
52,Kab. Padang Lawas,-,WDP,Tidak Tepat Waktu,Menggunakan,Tidak Memenuhi,-,"53,44",-,"44,99","75,49","55,51",-,Tidak,Tidak,Tidak,Tidak,Tidak,"51,49"
53,Kab. Padang Lawas Utara,-,WDP,Tidak Tepat Waktu,Menggunakan,Tidak Memenuhi,-,"55,15",-,"62,48","76,47","77,83",-,Tidak,Tidak,Tidak,Tidak,Tidak,"69,79"
54,Kab. Labuhanbatu Selatan,-,WTP,Tidak Tepat Waktu,Menggunakan,Tidak Memenuhi,-,"73,21",-,"70,02","72,22","73,83",-,Tidak,Tidak,Tidak,Tidak,Tidak,"64,19"
55,Kab. Labuhanbatu Utara,-,WTP,Tidak Tepat Waktu,Menggunakan,Tidak Memenuhi,-,"58,18",-,"76,84","83,00","71,01",-,Tidak,Tidak,Tidak,Tidak,Tidak,"70,73"
56,Kab. Nias Utara,-,WDP,Tidak Tepat Waktu,Menggunakan,Tidak Memenuhi,-,"60,32",-,"40,37","47,91","56,19",-,Tidak,Tidak,Tidak,Tidak,Tidak,"54,63"
57,Kab. Nias Barat,-,TMP,Tidak Tepat Waktu,Menggunakan,Tidak Memenuhi,-,"52,31",-,"43,57","65,44","68,39",-,Tidak,Tidak,Tidak,Tidak,Tidak,"74,33"
58,Kota Gunungsitoli                                 ,-,WDP,Tidak Tepat Waktu,Menggunakan,Tidak Memenuhi,-,"55,05",-,"52,68","67,33","54,45",-,Tidak,Tidak,Tidak,Tidak,Tidak,"43,96"
59,Provinsi Sumatera Barat,-,WTP,Tepat Waktu,Menggunakan,Memenuhi,-,"68,08",-,"64,66","70,99","73,74",-,Tidak,Tidak,Tidak,Tidak,Tidak,"73,84"
60,Kab. Limapuluh Kota,-,WTP,Tepat Waktu,Menggunakan,Memenuhi,-,"50,26",-,"44,23","70,61","74,54",-,Tidak,Tidak,Tidak,Tidak,Tidak,"71,84"
61,Kab. Agam  ,-,WTP,Tepat Waktu,Menggunakan,Memenuhi,-,"39,73",-,"65,90","77,72","68,60",-,Tidak,Tidak,Tidak,Tidak,Tidak,"60,10"
62,Kab. Kepulauan Mentawai,-,WDP,Tepat Waktu,Menggunakan,Tidak Memenuhi,-,"53,40",-,"33,27","58,81","63,83",-,Tidak,Tidak,Tidak,Tidak,Tidak,"75,43"
63,Kab. Padang Pariaman    ,-,WTP,Tepat Waktu,Menggunakan,Memenuhi,-,"56,97",-,"59,84","72,44","56,70",-,Tidak,Tidak,Tidak,Tidak,Tidak,"52,36"
64,Kab. Pasaman    ,-,WTP,Tepat Waktu,Menggunakan,Memenuhi,-,"47,04",-,"50,99","63,40","55,70",-,Tidak,Tidak,Tidak,Tidak,Tidak,"70,10"
65,Kab. Pesisir Selatan,-,WTP,Tepat Waktu,Menggunakan,Memenuhi,-,"44,00",-,"51,06","55,36","55,93",-,Tidak,Tidak,Tidak,Tidak,Tidak,"65,41"
66,Kab. Sijunjung                                    ,-,WTP,Tepat Waktu,Menggunakan,Memenuhi,-,"52,90",-,"62,30","83,79","76,89",-,Tidak,Tidak,Tidak,Tidak,Tidak,"70,78"
67,Kab. Solok,-,WDP,Tepat Waktu,Menggunakan,Tidak Memenuhi,-,"44,02",-,"55,24","83,64","67,07",-,Tidak,Tidak,Tidak,Tidak,Tidak,"76,77"
68,Kab. Tanah Datar,-,WTP,Tepat Waktu,Menggunakan,Memenuhi,-,"42,39",-,"53,87","68,13","70,85",-,Tidak,Tidak,Tidak,Tidak,Tidak,"67,48"
69,Kota Bukit Tinggi,-,WTP,Tepat Waktu,Menggunakan,Memenuhi,-,"67,58",-,"80,74","82,09","55,10",-,Tidak,Tidak,Tidak,Tidak,Tidak,"57,91"
70,Kota Padang Panjang,-,WTP,Tepat Waktu,Menggunakan,Memenuhi,-,"56,15",-,"60,09","51,48","60,22",-,Tidak,Tidak,Tidak,Tidak,Tidak,"59,97"
71,Kota Padang,-,WTP,Tepat Waktu,Menggunakan,Memenuhi,-,"53,50",-,"72,76","67,38","76,79",-,Tidak,Tidak,Tidak,Tidak,Tidak,"85,88"
72,Kota Payakumbuh,-,WTP,Tepat Waktu,Menggunakan,Memenuhi,-,"45,27",-,"71,12","78,25","32,49",-,Tidak,Tidak,Tidak,Tidak,Tidak,"55,18"
73,Kota Sawahlunto,-,WTP,Tepat Waktu,Menggunakan,Memenuhi,-,"55,93",-,"77,38","93,02","73,37",-,Tidak,Tidak,Tidak,Tidak,Tidak,"64,83"
74,Kota Solok,-,WTP,Tepat Waktu,Menggunakan,Memenuhi,-,"54,75",-,"66,59","88,61","44,18",-,Tidak,Tidak,Tidak,Tidak,Tidak,"63,71"
75,Kota Pariaman,-,WTP,Tepat Waktu,Menggunakan,Memenuhi,-,"53,62",-,"71,87","52,80","46,40",-,Tidak,Tidak,Tidak,Tidak,Tidak,"60,46"
76,Kab. Pasaman Barat,-,WTP,Tepat Waktu,Menggunakan,Memenuhi,-,"50,72",-,"63,25","65,83","76,43",-,Tidak,Tidak,Tidak,Tidak,Tidak,"83,40"
77,Kab. Dharmasraya,-,WTP,Tepat Waktu,Menggunakan,Memenuhi,-,"50,14",-,"55,08","83,24","65,98",-,Tidak,Tidak,Tidak,Tidak,Tidak,"54,19"
78,Kab. Solok Selatan,-,WTP,Tidak Tepat Waktu,Menggunakan,Tidak Memenuhi,-,"49,00",-,"58,03","69,15","61,73",-,Tidak,Tidak,Tidak,Tidak,Tidak,"59,07"
79,Provinsi Riau,-,WTP,Tepat Waktu,Menggunakan,Memenuhi,-,"47,94",-,"70,97","62,61","59,38",-,Tidak,Tidak,Tidak,Tidak,Tidak,"60,99"
80,Kab. Bengkalis,-,WTP,Tepat Waktu,Menggunakan,Memenuhi,-,"48,04",-,"74,42","55,26","65,12",-,Tidak,Tidak,Tidak,Tidak,Tidak,"80,16"
81,Kab. Indragiri Hilir,-,WTP,Tidak Tepat Waktu,Menggunakan,Tidak Memenuhi,-,"54,66",-,"69,14","40,17","72,66",-,Tidak,Tidak,Tidak,Tidak,Tidak,"64,00"
82,Kab. Indragiri Hulu,-,WTP,Tidak Tepat Waktu,Menggunakan,Tidak Memenuhi,-,"51,73",-,"61,17","69,63","74,43",-,Tidak,Tidak,Tidak,Tidak,Tidak,"78,48"
83,Kab. Kampar,-,WTP,Tidak Tepat Waktu,Menggunakan,Tidak Memenuhi,-,"51,21",-,"68,06","72,10","69,73",-,Tidak,Tidak,Tidak,Tidak,Tidak,"72,74"
84,Kab. Kuantan Singingi,-,WTP,Tidak Tepat Waktu,Menggunakan,Tidak Memenuhi,-,"42,11",-,"66,14","65,92","64,57",-,Tidak,Tidak,Tidak,Tidak,Tidak,"70,66"
85,Kab. Pelalawan,-,WTP,Tidak Tepat Waktu,Menggunakan,Tidak Memenuhi,-,"54,91",-,"73,91","55,33","64,65",-,Tidak,Tidak,Tidak,Tidak,Tidak,"70,69"
86,Kab. Rokan Hilir,-,WDP,Tidak Tepat Waktu,Menggunakan,Tidak Memenuhi,-,"42,74",-,"66,52","67,59","69,60",-,Tidak,Tidak,Tidak,Tidak,Tidak,"64,99"
87,Kab. Rokan Hulu,-,WTP,Tidak Tepat Waktu,Menggunakan,Tidak Memenuhi,-,"60,70",-,"61,82","74,13","70,94",-,Tidak,Tidak,Tidak,Tidak,Tidak,"57,11"
88,Kab. Siak,-,WTP,Tepat Waktu,Menggunakan,Memenuhi,-,"38,64",-,"72,66","70,65","69,04",-,Tidak,Tidak,Tidak,Tidak,Tidak,"68,74"
89,Kota Dumai,-,WDP,Tidak Tepat Waktu,Menggunakan,Tidak Memenuhi,-,"73,66",-,"82,77","74,47","56,30",-,Tidak,Tidak,Tidak,Tidak,Tidak,"83,32"
90,Kota Pekanbaru,-,WTP,Tepat Waktu,Menggunakan,Memenuhi,-,"48,61",-,"81,36","82,86","51,34",-,Tidak,Tidak,Tidak,Tidak,Tidak,"67,40"
91,Kab. Kepulauan Meranti,-,WTP,Tepat Waktu,Menggunakan,Memenuhi,-,"55,72",-,"67,95","69,69","80,68",-,Tidak,Tidak,Tidak,Tidak,Tidak,"68,80"
92,Provinsi Jambi,-,WTP,Tepat Waktu,Menggunakan,Memenuhi,-,"66,21",-,"67,91","55,74","56,85",-,Tidak,Tidak,Tidak,Tidak,Tidak,"77,47"
93,Kab. Batang Hari,-,WTP,Tepat Waktu,Menggunakan,Memenuhi,-,"54,80",-,"46,01","81,11","75,99",-,Tidak,Tidak,Tidak,Tidak,Tidak,"63,88"
94,Kab. Bungo     ,-,WDP,Tepat Waktu,Menggunakan,Tidak Memenuhi,-,"40,40",-,"64,01","75,86","71,59",-,Tidak,Tidak,Tidak,Tidak,Tidak,"54,20"
95,Kab. Kerinci,-,WTP,Tepat Waktu,Menggunakan,Memenuhi,-,"45,14",-,"64,58","65,20","78,27",-,Tidak,Tidak,Tidak,Tidak,Tidak,"91,25"
96,Kab. Merangin,-,WTP,Tidak Tepat Waktu,Menggunakan,Tidak Memenuhi,-,"50,52",-,"67,87","67,61","69,15",-,Tidak,Tidak,Tidak,Tidak,Tidak,"63,99"
97,Kab. Muaro Jambi,-,WTP,Tepat Waktu,Menggunakan,Memenuhi,-,"48,26",-,"72,40","63,23","66,81",-,Tidak,Tidak,Tidak,Tidak,Tidak,"85,88"
98,Kab. Sarolangun,-,WTP,Tepat Waktu,Menggunakan,Memenuhi,-,"66,81",-,"61,44","79,26","65,26",-,Tidak,Tidak,Tidak,Tidak,Tidak,"83,49"
99,Kab. Tanjung Jabung Barat,-,TMP,Tepat Waktu,Menggunakan,Tidak Memenuhi,-,"65,31",-,"64,85","58,34","70,23",-,Tidak,Tidak,Tidak,Tidak,Tidak,"87,04"
100,Kab. Tanjung Jabung Timur,-,WDP,Tepat Waktu,Menggunakan,Tidak Memenuhi,-,"64,74",-,"62,91","42,31","76,69",-,Tidak,Tidak,Tidak,Tidak,Tidak,"84,67"
101,Kab. Tebo,-,WTP,Tepat Waktu,Menggunakan,Memenuhi,-,"55,58",-,"78,30","54,05","64,63",-,Tidak,Tidak,Tidak,Tidak,Tidak,"72,12"
102,Kota Jambi,-,WTP,Tepat Waktu,Menggunakan,Memenuhi,-,"60,67",-,"61,37","60,43","46,05",-,Tidak,Tidak,Tidak,Tidak,Tidak,"76,03"
103,Kota Sungai Penuh,-,WTP,Tepat Waktu,Menggunakan,Memenuhi,-,"56,42",-,"67,16","62,62","69,45",-,Tidak,Tidak,Tidak,Tidak,Tidak,"66,73"
104,Provinsi Sumatera Selatan,-,WTP,Tepat Waktu,Menggunakan,Memenuhi,-,"58,47",-,"43,95","82,20","61,82",-,Tidak,Tidak,Tidak,Tidak,Tidak,"76,95"
105,Kab. Lahat,-,WTP,Tepat Waktu,Menggunakan,Memenuhi,-,"47,62",-,"65,32","67,79","63,53",-,Tidak,Tidak,Tidak,Tidak,Tidak,"71,38"
106,Kab. Musi Banyuasin,-,WTP,Tepat Waktu,Menggunakan,Memenuhi,-,"58,11",-,"63,08","77,69","62,16",-,Tidak,Tidak,Tidak,Tidak,Tidak,"77,86"
107,Kab. Musi Rawas,-,WTP,Tepat Waktu,Menggunakan,Memenuhi,-,"50,53",-,"71,49","83,52","78,66",-,Tidak,Tidak,Tidak,Tidak,Tidak,"78,82"
108,Kab. Muara Enim,-,WTP,Tepat Waktu,Menggunakan,Memenuhi,-,"53,22",-,"64,39","70,68","69,72",-,Tidak,Tidak,Tidak,Tidak,Tidak,"86,38"
109,Kab. Ogan Komering Ilir,-,WTP,Tepat Waktu,Menggunakan,Memenuhi,-,"49,71",-,"64,45","70,72","58,12",-,Tidak,Tidak,Tidak,Tidak,Tidak,"78,12"
110,Kab. Ogan Komering Ulu,-,WTP,Tepat Waktu,Menggunakan,Memenuhi,-,"47,94",-,"60,12","70,16","71,70",-,Tidak,Tidak,Tidak,Tidak,Tidak,"49,37"
111,Kota Palembang ,-,WTP,Tepat Waktu,Menggunakan,Memenuhi,-,"56,62",-,"71,47","73,67","40,28",-,Tidak,Tidak,Tidak,Tidak,Tidak,"60,58"
112,Kota Prabumulih,-,WTP,Tepat Waktu,Menggunakan,Memenuhi,-,"54,44",-,"71,14","80,02","58,89",-,Tidak,Tidak,Tidak,Tidak,Tidak,"57,76"
113,Kota Pagar Alam,-,WTP,Tepat Waktu,Menggunakan,Memenuhi,-,"47,79",-,"42,94","73,37","52,28",-,Tidak,Tidak,Tidak,Tidak,Tidak,"64,69"
114,Kota Lubuk Linggau,-,WTP,Tepat Waktu,Menggunakan,Memenuhi,-,"62,70",-,"73,20","68,28","52,13",-,Tidak,Tidak,Tidak,Tidak,Tidak,"61,46"
115,Kab. Banyuasin,-,WTP,Tepat Waktu,Menggunakan,Memenuhi,-,"56,95",-,"64,19","79,98","70,98",-,Tidak,Tidak,Tidak,Tidak,Tidak,"86,68"
116,Kab. Ogan Ilir,-,WTP,Tepat Waktu,Menggunakan,Memenuhi,-,"62,13",-,"58,40","55,46","60,98",-,Tidak,Tidak,Tidak,Tidak,Tidak,"66,92"
117,Kab. OKU Timur,-,WTP,Tepat Waktu,Menggunakan,Memenuhi,-,"53,83",-,"53,92","63,16","45,97",-,Tidak,Tidak,Tidak,Tidak,Tidak,"50,50"
118,Kab. OKU Selatan,-,WTP,Tepat Waktu,Menggunakan,Memenuhi,-,"57,00",-,"54,65","56,99","70,36",-,Tidak,Tidak,Tidak,Tidak,Tidak,"86,42"
119,Kab. Empat Lawang,-,WTP,Tidak Tepat Waktu,Menggunakan,Tidak Memenuhi,-,"55,51",-,"34,79","93,15","62,55",-,Tidak,Tidak,Tidak,Tidak,Tidak,"67,00"
120,Kab. Penukal Abab Lematang Ilir,-,WTP,Tidak Tepat Waktu,Menggunakan,Tidak Memenuhi,-,"70,68",-,"57,64","80,37","77,03",-,Tidak,Tidak,Tidak,Tidak,Tidak,"77,45"
121,Kab. Musi Rawas Utara,-,WDP,Tepat Waktu,Menggunakan,Tidak Memenuhi,-,"69,89",-,"67,16","63,04","77,68",-,Tidak,Tidak,Tidak,Tidak,Tidak,"55,99"
122,Provinsi  Bengkulu,-,WDP,Tidak Tepat Waktu,Menggunakan,Tidak Memenuhi,-,"58,44",-,"52,83","58,51","55,37",-,Tidak,Tidak,Tidak,Tidak,Tidak,"74,40"
123,Kab. Bengkulu Selatan,-,WDP,Tepat Waktu,Menggunakan,Tidak Memenuhi,-,"51,21",-,"64,52","76,89","50,21",-,Tidak,Tidak,Tidak,Tidak,Tidak,"63,57"
124,Kab. Bengkulu Utara,-,WDP,Tepat Waktu,Menggunakan,Tidak Memenuhi,-,"56,63",-,"38,09","64,31","67,18",-,Tidak,Tidak,Tidak,Tidak,Tidak,"67,98"
125,Kab. Rejang Lebong,-,WDP,Tidak Tepat Waktu,Menggunakan,Tidak Memenuhi,-,"57,59",-,"37,61","60,28","62,21",-,Tidak,Tidak,Tidak,Tidak,Tidak,"72,14"
126,Kota Bengkulu,-,WDP,Tidak Tepat Waktu,Menggunakan,Tidak Memenuhi,-,"61,30",-,"68,72","51,66","72,58",-,Tidak,Tidak,Tidak,Tidak,Tidak,"71,38"
127,Kab. Kaur,-,WTP,Tepat Waktu,Menggunakan,Memenuhi,-,"67,41",-,"51,62","60,57","55,46",-,Tidak,Tidak,Tidak,Tidak,Tidak,"61,73"
128,Kab. Seluma,-,WDP,Tidak Tepat Waktu,Menggunakan,Tidak Memenuhi,-,"53,29",-,"39,80","56,32","61,27",-,Tidak,Tidak,Tidak,Tidak,Tidak,"74,21"
129,Kab. Mukomuko,-,WDP,Tidak Tepat Waktu,Menggunakan,Tidak Memenuhi,-,"51,20",-,"59,60","57,80","71,15",-,Tidak,Tidak,Tidak,Tidak,Tidak,"74,11"
130,Kab. Lebong,-,WTP,Tepat Waktu,Menggunakan,Memenuhi,-,"58,34",-,"45,33","68,36","83,62",-,Tidak,Tidak,Tidak,Tidak,Tidak,"67,87"
131,Kab. Kepahiang,-,WDP,Tepat Waktu,Menggunakan,Tidak Memenuhi,-,"47,50",-,"66,36","80,95","87,98",-,Tidak,Tidak,Tidak,Tidak,Tidak,"78,37"
132,Kab. Bengkulu Tengah,-,WDP,Tidak Tepat Waktu,Menggunakan,Tidak Memenuhi,-,"46,42",-,"72,55","86,22","70,20",-,Tidak,Tidak,Tidak,Tidak,Tidak,"63,63"
133,Provinsi  Lampung,-,WTP,Tepat Waktu,Menggunakan,Memenuhi,-,"62,63",-,"57,44","55,37","37,53",-,Tidak,Tidak,Tidak,Tidak,Tidak,"50,50"
134,Kab. Lampung Barat,-,WTP,Tepat Waktu,Menggunakan,Memenuhi,-,"48,86",-,"58,56","55,80","68,60",-,Tidak,Tidak,Tidak,Tidak,Tidak,"66,19"
135,Kab. Lampung Selatan,-,WTP,Tepat Waktu,Menggunakan,Memenuhi,-,"64,59",-,"71,88","55,98","68,86",-,Tidak,Tidak,Tidak,Tidak,Tidak,"72,13"
136,Kab. Lampung Tengah,-,WTP,Tepat Waktu,Menggunakan,Memenuhi,-,"44,48",-,"54,57","70,40","60,44",-,Tidak,Tidak,Tidak,Tidak,Tidak,"62,27"
137,Kab. Lampung Utara,-,WTP,Tepat Waktu,Menggunakan,Memenuhi,-,"63,38",-,"64,70","76,20","62,02",-,Tidak,Tidak,Tidak,Tidak,Tidak,"68,10"
138,Kab. Lampung Timur,-,WDP,Tepat Waktu,Menggunakan,Tidak Memenuhi,-,"64,48",-,"58,05","71,51","67,16",-,Tidak,Tidak,Tidak,Tidak,Tidak,"66,17"
139,Kab. Tanggamus,-,WDP,Tepat Waktu,Menggunakan,Tidak Memenuhi,-,"43,68",-,"58,41","65,51","56,35",-,Tidak,Tidak,Tidak,Tidak,Tidak,"66,31"
140,Kab. Tulang Bawang,-,WTP,Tepat Waktu,Menggunakan,Memenuhi,-,"50,78",-,"75,40","59,31","76,88",-,Tidak,Tidak,Tidak,Tidak,Tidak,"63,34"
141,Kab. Way Kanan,-,WTP,Tepat Waktu,Menggunakan,Memenuhi,-,"65,04",-,"50,76","50,19","65,59",-,Tidak,Tidak,Tidak,Tidak,Tidak,"54,10"
142,Kota Bandar Lampung,-,WTP,Tepat Waktu,Menggunakan,Memenuhi,-,"48,34",-,"63,19","55,23","51,48",-,Tidak,Tidak,Tidak,Tidak,Tidak,"61,28"
143,Kota Metro,-,WTP,Tepat Waktu,Menggunakan,Memenuhi,-,"59,20",-,"87,86","72,75","63,14",-,Tidak,Tidak,Tidak,Tidak,Tidak,"55,15"
144,Kab. Pesawaran,-,WTP,Tepat Waktu,Menggunakan,Memenuhi,-,"61,70",-,"61,67","65,29","61,02",-,Tidak,Tidak,Tidak,Tidak,Tidak,"76,49"
145,Kab. Pringsewu,-,WTP,Tepat Waktu,Menggunakan,Memenuhi,-,"56,65",-,"68,97","75,52","59,20",-,Tidak,Tidak,Tidak,Tidak,Tidak,"69,39"
146,Kab. Mesuji,-,WTP,Tepat Waktu,Menggunakan,Memenuhi,-,"59,50",-,"79,10","63,33","70,95",-,Tidak,Tidak,Tidak,Tidak,Tidak,"74,41"
147,Kab. Tulang Bawang Barat,-,WTP,Tepat Waktu,Menggunakan,Memenuhi,-,"54,95",-,"52,49","75,62","78,50",-,Tidak,Tidak,Tidak,Tidak,Tidak,"69,30"
148,Kab. Pesisir Barat,-,WDP,Tepat Waktu,Menggunakan,Tidak Memenuhi,-,"65,10",-,"67,92","74,99","78,91",-,Tidak,Tidak,Tidak,Tidak,Tidak,"63,92"
149,Provinsi DKI Jakarta,-,WDP,Tepat Waktu,Menggunakan,Tidak Memenuhi,-,"73,70",-,"45,83","78,73","72,15",-,Tidak,Tidak,Tidak,Tidak,Tidak,"81,25"
150,Provinsi Jawa Barat,-,WTP,Tepat Waktu,Menggunakan,Memenuhi,-,"64,57",-,"63,34","57,39","55,91",-,Tidak,Tidak,ya,Tidak,Tidak,"71,18"
151,Kab. Bandung,-,WTP,Tepat Waktu,Menggunakan,Memenuhi,-,"47,21",-,"60,24","67,91","71,96",-,Tidak,Tidak,Tidak,Tidak,Tidak,"79,12"
152,Kab. Bekasi,-,WTP,Tepat Waktu,Menggunakan,Memenuhi,-,"44,92",-,"73,57","60,48","77,77",-,Tidak,Tidak,Tidak,Tidak,Tidak,"81,20"
153,Kab. Bogor,-,WTP,Tepat Waktu,Menggunakan,Memenuhi,-,"50,63",-,"62,95","60,83","79,11",-,Tidak,Tidak,Tidak,Tidak,Tidak,"64,85"
154,Kab. Ciamis,-,WTP,Tepat Waktu,Menggunakan,Memenuhi,-,"62,85",-,"53,55","70,31","72,36",-,Tidak,Tidak,Tidak,Tidak,Tidak,"65,15"
155,Kab. Cianjur,-,WTP,Tepat Waktu,Menggunakan,Memenuhi,-,"53,73",-,"63,38","76,44","58,34",-,Tidak,Tidak,Tidak,Tidak,Tidak,"67,05"
156,Kab. Cirebon,-,WTP,Tepat Waktu,Menggunakan,Memenuhi,-,"59,57",-,"74,52","73,89","72,37",-,Tidak,Tidak,Tidak,Tidak,Tidak,"80,17"
157,Kab. Garut,-,WTP,Tepat Waktu,Menggunakan,Memenuhi,-,"60,86",-,"57,31","73,91","63,47",-,Tidak,Tidak,Tidak,Tidak,Tidak,"67,36"
158,Kab. Indramayu,-,WTP,Tepat Waktu,Menggunakan,Memenuhi,-,"66,64",-,"63,08","74,96","61,72",-,Tidak,Tidak,Tidak,Tidak,Tidak,"66,53"
159,Kab. Karawang,-,WTP,Tepat Waktu,Menggunakan,Memenuhi,-,"51,07",-,"74,94","61,37","59,80",-,Tidak,Tidak,Tidak,Tidak,Tidak,"70,32"
160,Kab. Kuningan,-,WTP,Tidak Tepat Waktu,Menggunakan,Tidak Memenuhi,-,"50,88",-,"58,22","56,36","55,93",-,Tidak,Tidak,ya,Tidak,Tidak,"61,72"
161,Kab. Majalengka,-,WTP,Tidak Tepat Waktu,Menggunakan,Tidak Memenuhi,-,"47,04",-,"78,33","77,05","64,51",-,Tidak,Tidak,Tidak,Tidak,Tidak,"73,63"
162,Kab. Purwakarta,-,WTP,Tepat Waktu,Menggunakan,Memenuhi,-,"43,91",-,"64,94","67,71","68,38",-,Tidak,Tidak,Tidak,Tidak,Tidak,"71,12"
163,Kab. Subang,-,WDP,Tepat Waktu,Menggunakan,Tidak Memenuhi,-,"51,57",-,"48,15","72,35","68,18",-,Tidak,Tidak,Tidak,Tidak,Tidak,"75,53"
164,Kab. Sukabumi,-,WTP,Tepat Waktu,Menggunakan,Memenuhi,-,"55,22",-,"47,34","60,09","77,57",-,Tidak,Tidak,Tidak,Tidak,Tidak,"82,57"
165,Kab. Sumedang,-,WTP,Tepat Waktu,Menggunakan,Memenuhi,-,"41,89",-,"71,50","58,24","62,70",-,Tidak,Tidak,Tidak,Tidak,Tidak,"70,60"
166,Kab. Tasikmalaya,-,WTP,Tepat Waktu,Menggunakan,Memenuhi,-,"58,88",-,"63,22","70,71","69,67",-,Tidak,Tidak,Tidak,Tidak,Tidak,"67,57"
167,Kota Bandung,-,WDP,Tidak Tepat Waktu,Menggunakan,Tidak Memenuhi,-,"59,62",-,"62,49","68,48","62,22",-,Tidak,Tidak,ya,Tidak,Tidak,"72,77"
168,Kota Bekasi,-,WTP,Tidak Tepat Waktu,Menggunakan,Tidak Memenuhi,-,"68,48",-,"68,38","68,43","65,18",-,Tidak,Tidak,Tidak,Tidak,Tidak,"71,78"
169,Kota Bogor,-,WTP,Tidak Tepat Waktu,Menggunakan,Tidak Memenuhi,-,"67,55",-,"57,72","64,23","55,75",-,Tidak,Tidak,Tidak,Tidak,Tidak,"75,97"
170,Kota Cirebon,-,WTP,Tepat Waktu,Menggunakan,Memenuhi,-,"57,28",-,"87,81","70,48","52,52",-,Tidak,Tidak,Tidak,Tidak,Tidak,"66,21"
171,Kota Depok,-,WTP,Tepat Waktu,Menggunakan,Memenuhi,-,"68,34",-,"79,78","71,65","70,21",-,Tidak,Tidak,ya,Tidak,Tidak,"68,09"
172,Kota Sukabumi,-,WTP,Tepat Waktu,Menggunakan,Memenuhi,-,"55,11",-,"68,73","74,70","50,94",-,Tidak,Tidak,ya,Tidak,Tidak,"59,72"
173,Kota Tasikmalaya,-,WTP,Tepat Waktu,Menggunakan,Memenuhi,-,"54,03",-,"50,72","35,16","51,40",-,Tidak,Tidak,Tidak,Tidak,Tidak,"62,73"
174,Kota Cimahi,-,WTP,Tepat Waktu,Menggunakan,Memenuhi,-,"50,74",-,"56,86","83,49","50,40",-,Tidak,Tidak,Tidak,Tidak,Tidak,"48,57"
175,Kota Banjar,-,WTP,Tepat Waktu,Menggunakan,Memenuhi,-,"59,44",-,"48,05","68,07","56,08",-,Tidak,Tidak,ya,Tidak,Tidak,"71,50"
176,Kab. Bandung Barat,-,WDP,Tepat Waktu,Menggunakan,Tidak Memenuhi,-,"52,26",-,"81,44","54,73","59,73",-,Tidak,Tidak,Tidak,Tidak,Tidak,"74,55"
177,Kab. Pangandaran,-,WTP,Tepat Waktu,Menggunakan,Memenuhi,-,"44,16",-,"64,29","75,04","56,11",-,Tidak,Tidak,Tidak,Tidak,Tidak,"62,90"
178,Provinsi Jawa Tengah,-,WTP,Tepat Waktu,Menggunakan,Memenuhi,-,"64,75",-,"72,74","70,49","53,13",-,Tidak,Tidak,Tidak,Tidak,Tidak,"60,49"
179,Kab. Banjarnegara,-,WTP,Tepat Waktu,Menggunakan,Memenuhi,-,"53,62",-,"69,95","73,10","57,37",-,Tidak,Tidak,Tidak,Tidak,Tidak,"83,58"
180,Kab. Banyumas,-,WTP,Tepat Waktu,Menggunakan,Memenuhi,-,"46,59",-,"67,03","70,30","71,03",-,Tidak,Tidak,Tidak,Tidak,Tidak,"67,19"
181,Kab. Batang,-,WTP,Tepat Waktu,Menggunakan,Memenuhi,-,"51,55",-,"59,95","69,78","71,38",-,Tidak,Tidak,Tidak,Tidak,Tidak,"75,20"
182,Kab. Blora,-,WTP,Tepat Waktu,Menggunakan,Memenuhi,-,"69,60",-,"67,96","69,85","63,05",-,Tidak,Tidak,Tidak,Tidak,Tidak,"55,22"
183,Kab. Boyolali,-,WTP,Tepat Waktu,Menggunakan,Memenuhi,-,"45,89",-,"63,91","70,06","60,54",-,Tidak,Tidak,Tidak,Tidak,Tidak,"64,69"
184,Kab. Brebes,-,WDP,Tepat Waktu,Menggunakan,Tidak Memenuhi,-,"64,83",-,"79,51","78,45","75,15",-,Tidak,Tidak,Tidak,Tidak,Tidak,"75,47"
185,Kab. Cilacap,-,WTP,Tepat Waktu,Menggunakan,Memenuhi,-,"57,12",-,"55,95","77,17","74,10",-,Tidak,Tidak,Tidak,Tidak,Tidak,"74,40"
186,Kab. Demak,-,WTP,Tepat Waktu,Menggunakan,Memenuhi,-,"63,91",-,"76,95","67,63","49,37",-,Tidak,Tidak,Tidak,Tidak,Tidak,"62,59"
187,Kab. Grobogan,-,WTP,Tepat Waktu,Menggunakan,Memenuhi,-,"57,94",-,"71,29","61,87","65,21",-,Tidak,Tidak,Tidak,Tidak,Tidak,"55,94"
188,Kab. Jepara,-,WTP,Tepat Waktu,Menggunakan,Memenuhi,-,"60,06",-,"55,52","61,64","53,13",-,Tidak,Tidak,Tidak,Tidak,Tidak,"59,75"
189,Kab. Karanganyar,-,WTP,Tepat Waktu,Menggunakan,Memenuhi,-,"64,09",-,"86,97","68,02","69,43",-,Tidak,Tidak,ya,Tidak,Tidak,"65,68"
190,Kab. Kebumen,-,WDP,Tepat Waktu,Menggunakan,Tidak Memenuhi,-,"62,35",-,"64,82","72,43","51,96",-,Tidak,Tidak,Tidak,Tidak,Tidak,"64,29"
191,Kab. Kendal,-,WTP,Tepat Waktu,Menggunakan,Memenuhi,-,"46,68",-,"79,10","90,03","64,60",-,Tidak,Tidak,Tidak,Tidak,Tidak,"64,18"
192,Kab. Klaten,-,WDP,Tepat Waktu,Menggunakan,Tidak Memenuhi,-,"43,45",-,"70,57","69,30","73,33",-,Tidak,Tidak,Tidak,Tidak,Tidak,"64,12"
193,Kab. Kudus,-,WTP,Tepat Waktu,Menggunakan,Memenuhi,-,"59,57",-,"73,73","63,77","62,22",-,Tidak,Tidak,ya,Tidak,Tidak,"61,36"
194,Kab. Magelang,-,WTP,Tidak Tepat Waktu,Menggunakan,Tidak Memenuhi,-,"51,82",-,"65,68","89,96","64,81",-,Tidak,Tidak,Tidak,Tidak,Tidak,"74,91"
195,Kab. Pati,-,WTP,Tepat Waktu,Menggunakan,Memenuhi,-,"56,16",-,"68,16","94,68","64,17",-,Tidak,Tidak,ya,Tidak,Tidak,"69,78"
196,Kab. Pekalongan,-,WTP,Tepat Waktu,Menggunakan,Memenuhi,-,"47,07",-,"50,82","65,75","59,88",-,Tidak,Tidak,Tidak,Tidak,Tidak,"49,71"
197,Kab. Pemalang,-,WTP,Tepat Waktu,Menggunakan,Memenuhi,-,"52,93",-,"71,41","59,67","57,82",-,Tidak,Tidak,Tidak,Tidak,Tidak,"64,15"
198,Kab. Purbalingga,-,WTP,Tepat Waktu,Menggunakan,Memenuhi,-,"53,62",-,"80,56","59,60","55,42",-,Tidak,Tidak,Tidak,Tidak,Tidak,"64,83"
199,Kab. Purworejo,-,WTP,Tepat Waktu,Menggunakan,Memenuhi,-,"49,02",-,"50,77","80,64","53,77",-,Tidak,Tidak,Tidak,Tidak,Tidak,"62,95"
200,Kab. Rembang,-,WDP,Tepat Waktu,Menggunakan,Tidak Memenuhi,-,"50,15",-,"74,60","84,41","57,32",-,Tidak,Tidak,Tidak,Tidak,Tidak,"65,59"
201,Kab. Semarang,-,WTP,Tepat Waktu,Menggunakan,Memenuhi,-,"63,61",-,"57,37","60,94","57,87",-,Tidak,Tidak,Tidak,Tidak,Tidak,"67,17"
202,Kab. Sragen,-,WTP,Tepat Waktu,Menggunakan,Memenuhi,-,"60,71",-,"58,10","79,05","51,56",-,Tidak,Tidak,Tidak,Tidak,Tidak,"63,02"
203,Kab. Sukoharjo,-,WTP,Tepat Waktu,Menggunakan,Memenuhi,-,"60,88",-,"69,89","76,26","87,73",-,Tidak,Tidak,Tidak,Tidak,Tidak,"67,74"
204,Kab. Tegal,-,WTP,Tepat Waktu,Menggunakan,Memenuhi,-,"65,78",-,"80,03","61,94","62,60",-,Tidak,Tidak,Tidak,Tidak,Tidak,"69,25"
205,Kab. Temanggung,-,WTP,Tepat Waktu,Menggunakan,Memenuhi,-,"67,46",-,"53,04","86,62","63,75",-,Tidak,Tidak,Tidak,Tidak,Tidak,"62,92"
206,Kab. Wonogiri,-,WTP,Tepat Waktu,Menggunakan,Memenuhi,-,"48,95",-,"76,95","65,53","65,88",-,Tidak,Tidak,Tidak,Tidak,Tidak,"49,82"
207,Kab. Wonosobo,-,WTP,Tepat Waktu,Menggunakan,Memenuhi,-,"49,57",-,"49,20","60,61","61,79",-,Tidak,Tidak,Tidak,Tidak,Tidak,"69,60"
208,Kota Magelang,-,WTP,Tepat Waktu,Menggunakan,Memenuhi,-,"53,46",-,"60,92","83,81","57,80",-,Tidak,Tidak,Tidak,Tidak,Tidak,"77,21"
209,Kota Pekalongan,-,WTP,Tepat Waktu,Menggunakan,Memenuhi,-,"65,02",-,"56,81","71,72","37,29",-,Tidak,Tidak,Tidak,Tidak,Tidak,"61,51"
210,Kota Salatiga,-,WTP,Tepat Waktu,Menggunakan,Memenuhi,-,"72,01",-,"85,10","95,65","36,01",-,Tidak,Tidak,Tidak,Tidak,Tidak,"72,87"
211,Kota Semarang,-,WTP,Tepat Waktu,Menggunakan,Memenuhi,-,"62,75",-,"87,05","61,56","83,01",-,Tidak,Tidak,Tidak,Tidak,Tidak,"79,59"
212,Kota Surakarta,-,WTP,Tepat Waktu,Menggunakan,Memenuhi,-,"58,84",-,"70,40","70,97","65,27",-,Tidak,Tidak,Tidak,Tidak,Tidak,"60,09"
213,Kota Tegal,-,WDP,Tepat Waktu,Menggunakan,Tidak Memenuhi,-,"64,15",-,"78,81","73,49","38,10",-,Tidak,Tidak,Tidak,Tidak,Tidak,"55,20"
214,Provinsi DI Yogyakarta,-,WTP,Tepat Waktu,Menggunakan,Memenuhi,-,"64,98",-,"61,64","55,95","84,04",-,Tidak,Tidak,Tidak,Tidak,Tidak,"88,91"
215,Kab. Bantul,-,WTP,Tepat Waktu,Menggunakan,Memenuhi,-,"44,29",-,"57,59","78,76","60,23",-,Tidak,Tidak,ya,Tidak,Tidak,"72,32"
216,Kab. Gunung Kidul,-,WTP,Tepat Waktu,Menggunakan,Memenuhi,-,"51,51",-,"52,78","57,91","76,09",-,Tidak,Tidak,Tidak,Tidak,Tidak,"64,77"
217,Kab. Kulon Progo,-,WTP,Tepat Waktu,Menggunakan,Memenuhi,-,"63,75",-,"63,90","64,42","88,33",-,Tidak,Tidak,Tidak,Tidak,Tidak,"85,02"
218,Kab. Sleman,-,WTP,Tepat Waktu,Menggunakan,Memenuhi,-,"49,04",-,"78,08","68,83","79,29",-,Tidak,Tidak,Tidak,Tidak,Tidak,"96,43"
219,Kota Yogyakarta,-,WTP,Tepat Waktu,Menggunakan,Memenuhi,-,"58,62",-,"71,58","69,34","65,28",-,Tidak,Tidak,Tidak,Tidak,Tidak,"93,47"
220,Provinsi Jawa Timur,-,WTP,Tepat Waktu,Menggunakan,Memenuhi,-,"55,93",-,"62,09","71,49","64,82",-,Tidak,Tidak,ya,Tidak,Tidak,"67,69"
221,Kab. Bangkalan,-,WDP,Tidak Tepat Waktu,Menggunakan,Tidak Memenuhi,-,"45,11",-,"65,92","67,34","55,11",-,Tidak,Tidak,Tidak,Tidak,Tidak,"67,23"
222,Kab. Banyuwangi,-,WTP,Tepat Waktu,Menggunakan,Memenuhi,-,"52,23",-,"48,01","84,23","78,97",-,Tidak,Tidak,ya,Tidak,Tidak,"83,93"
223,Kab. Blitar,-,WTP,Tepat Waktu,Menggunakan,Memenuhi,-,"50,45",-,"83,76","88,64","71,35",-,Tidak,Tidak,Tidak,Tidak,Tidak,"70,74"
224,Kab. Bojonegoro,-,WTP,Tepat Waktu,Menggunakan,Memenuhi,-,"50,30",-,"53,30","64,50","55,71",-,Tidak,Tidak,Tidak,Tidak,Tidak,"73,28"
225,Kab. Bondowoso,-,WTP,Tepat Waktu,Menggunakan,Memenuhi,-,"53,61",-,"60,06","69,60","64,70",-,Tidak,Tidak,Tidak,Tidak,Tidak,"53,31"
226,Kab. Gresik,-,WTP,Tepat Waktu,Menggunakan,Memenuhi,-,"39,62",-,"68,10","61,71","67,14",-,Tidak,Tidak,Tidak,Tidak,Tidak,"83,83"
227,Kab. Jember,-,WDP,Tidak Tepat Waktu,Menggunakan,Tidak Memenuhi,-,"42,96",-,"53,86","56,16","72,01",-,Tidak,Tidak,Tidak,Tidak,Tidak,"74,17"
228,Kab. Jombang,-,WTP,Tepat Waktu,Menggunakan,Memenuhi,-,"54,13",-,"71,16","85,98","62,44",-,Tidak,Tidak,Tidak,Tidak,Tidak,"58,28"
229,Kab. Kediri,-,WTP,Tepat Waktu,Menggunakan,Memenuhi,-,"57,92",-,"65,08","66,83","79,21",-,Tidak,Tidak,Tidak,Tidak,Tidak,"75,79"
230,Kab. Lamongan,-,WTP,Tepat Waktu,Menggunakan,Memenuhi,-,"66,68",-,"62,83","78,17","55,66",-,Tidak,Tidak,ya,Tidak,Tidak,"68,49"
231,Kab. Lumajang,-,WTP,Tepat Waktu,Menggunakan,Memenuhi,-,"62,29",-,"73,80","64,11","49,07",-,Tidak,Tidak,Tidak,Tidak,Tidak,"73,90"
232,Kab. Madiun,-,WTP,Tepat Waktu,Menggunakan,Memenuhi,-,"59,94",-,"81,09","72,26","53,89",-,Tidak,Tidak,Tidak,Tidak,Tidak,"50,72"
233,Kab. Magetan,-,WTP,Tepat Waktu,Menggunakan,Memenuhi,-,"58,13",-,"62,37","66,77","70,11",-,Tidak,Tidak,Tidak,Tidak,Tidak,"71,45"
234,Kab. Malang,-,WTP,Tepat Waktu,Menggunakan,Memenuhi,-,"46,07",-,"52,96","61,51","83,24",-,Tidak,Tidak,Tidak,Tidak,Tidak,"69,19"
235,Kab. Mojokerto,-,WTP,Tepat Waktu,Menggunakan,Memenuhi,-,"46,09",-,"58,51","79,10","63,56",-,Tidak,Tidak,Tidak,Tidak,Tidak,"58,94"
236,Kab. Nganjuk,-,WDP,Tepat Waktu,Menggunakan,Tidak Memenuhi,-,"48,76",-,"57,74","91,72","58,83",-,Tidak,Tidak,Tidak,Tidak,Tidak,"70,10"
237,Kab. Ngawi,-,WTP,Tepat Waktu,Menggunakan,Memenuhi,-,"44,18",-,"58,02","65,61","61,71",-,Tidak,Tidak,Tidak,Tidak,Tidak,"73,90"
238,Kab. Pacitan,-,WTP,Tepat Waktu,Menggunakan,Memenuhi,-,"67,76",-,"67,76","76,15","60,92",-,Tidak,Tidak,Tidak,Tidak,Tidak,"84,82"
239,Kab. Pamekasan,-,WTP,Tepat Waktu,Menggunakan,Memenuhi,-,"62,53",-,"52,88","47,70","63,81",-,Tidak,Tidak,Tidak,Tidak,Tidak,"83,32"
240,Kab. Pasuruan,-,WTP,Tepat Waktu,Menggunakan,Memenuhi,-,"52,55",-,"71,82","64,49","63,20",-,Tidak,Tidak,Tidak,Tidak,Tidak,"68,92"
241,Kab. Ponorogo,-,WTP,Tepat Waktu,Menggunakan,Memenuhi,-,"55,45",-,"77,82","73,80","63,26",-,Tidak,Tidak,Tidak,Tidak,Tidak,"75,93"
242,Kab. Probolinggo,-,WTP,Tepat Waktu,Menggunakan,Memenuhi,-,"47,74",-,"53,94","73,02","46,45",-,Tidak,Tidak,ya,Tidak,Tidak,"43,40"
243,Kab. Sampang,-,WDP,Tepat Waktu,Menggunakan,Tidak Memenuhi,-,"44,81",-,"71,18","52,78","68,68",-,Tidak,Tidak,Tidak,Tidak,Tidak,"76,83"
244,Kab. Sidoarjo,-,WTP,Tepat Waktu,Menggunakan,Memenuhi,-,"45,81",-,"73,03","69,28","83,71",-,Tidak,Tidak,ya,Tidak,Tidak,"70,70"
245,Kab. Situbondo,-,WTP,Tepat Waktu,Menggunakan,Memenuhi,-,"48,28",-,"68,84","82,89","54,70",-,Tidak,Tidak,Tidak,Tidak,Tidak,"67,02"
246,Kab. Sumenep,-,WDP,Tidak Tepat Waktu,Menggunakan,Tidak Memenuhi,-,"43,75",-,"59,81","48,87","79,57",-,Tidak,Tidak,Tidak,Tidak,Tidak,"68,60"
247,Kab. Trenggalek,-,WTP,Tepat Waktu,Menggunakan,Memenuhi,-,"47,85",-,"63,94","76,41","47,42",-,Tidak,Tidak,Tidak,Tidak,Tidak,"62,04"
248,Kab. Tuban,-,WTP,Tepat Waktu,Menggunakan,Memenuhi,-,"55,74",-,"70,85","78,60","69,52",-,Tidak,Tidak,Tidak,Tidak,Tidak,"59,06"
249,Kab. Tulungagung,-,WDP,Tepat Waktu,Menggunakan,Tidak Memenuhi,-,"51,35",-,"60,01","66,35","59,56",-,Tidak,Tidak,Tidak,Tidak,Tidak,"78,82"
250,Kota Blitar,-,WTP,Tepat Waktu,Menggunakan,Memenuhi,-,"60,18",-,"60,54","73,35","50,45",-,Tidak,Tidak,Tidak,Tidak,Tidak,"72,22"
251,Kota Kediri,-,WTP,Tepat Waktu,Menggunakan,Memenuhi,-,"60,67",-,"79,69","56,18","56,86",-,Tidak,Tidak,Tidak,Tidak,Tidak,"64,24"
252,Kota Madiun,-,WDP,Tepat Waktu,Menggunakan,Tidak Memenuhi,-,"40,29",-,"68,26","76,72","53,22",-,Tidak,Tidak,Tidak,Tidak,Tidak,"65,48"
253,Kota Malang,-,WTP,Tepat Waktu,Menggunakan,Memenuhi,-,"36,79",-,"75,49","65,14","54,99",-,Tidak,Tidak,Tidak,Tidak,Tidak,"73,12"
254,Kota Mojokerto,-,WTP,Tepat Waktu,Menggunakan,Memenuhi,-,"74,20",-,"66,24","85,59","60,32",-,Tidak,Tidak,ya,Tidak,Tidak,"85,94"
255,Kota Pasuruan,-,WTP,Tepat Waktu,Menggunakan,Memenuhi,-,"57,97",-,"54,70","71,88","28,48",-,Tidak,Tidak,Tidak,Tidak,Tidak,"50,19"
256,Kota Probolinggo,-,WDP,Tepat Waktu,Menggunakan,Tidak Memenuhi,-,"52,53",-,"61,88","71,37","53,79",-,Tidak,Tidak,Tidak,Tidak,Tidak,"59,49"
257,Kota Surabaya,-,WTP,Tepat Waktu,Menggunakan,Memenuhi,-,"52,65",-,"47,68","73,84","73,91",-,Tidak,Tidak,ya,Tidak,Tidak,"77,87"
258,Kota Batu,-,WTP,Tepat Waktu,Menggunakan,Memenuhi,-,"62,77",-,"85,01","70,46","51,32",-,Tidak,Tidak,Tidak,Tidak,Tidak,"71,76"
259,Provinsi Kalimantan Barat,-,WTP,Tepat Waktu,Menggunakan,Memenuhi,-,"59,14",-,"51,35","36,76","28,08",-,Tidak,Tidak,Tidak,Tidak,Tidak,"42,42"
260,Kab. Bengkayang,-,WDP,Tepat Waktu,Menggunakan,Tidak Memenuhi,-,"52,40",-,"63,73","60,80","61,20",-,Tidak,Tidak,Tidak,Tidak,Tidak,"70,60"
261,Kab. Landak,-,WTP,Tepat Waktu,Menggunakan,Memenuhi,-,"73,42",-,"41,73","51,69","57,44",-,Tidak,Tidak,Tidak,Tidak,Tidak,"67,39"
262,Kab. Kapuas Hulu,-,WDP,Tepat Waktu,Menggunakan,Tidak Memenuhi,-,"60,02",-,"62,36","66,56","49,71",-,Tidak,Tidak,Tidak,Tidak,Tidak,"49,75"
263,Kab. Ketapang,-,WTP,Tepat Waktu,Menggunakan,Memenuhi,-,"54,86",-,"53,27","57,75","77,94",-,Tidak,Tidak,Tidak,Tidak,Tidak,"80,74"
264,Kab. Mempawah,-,WTP,Tepat Waktu,Menggunakan,Memenuhi,-,"75,83",-,"69,00","44,03","55,21",-,Tidak,Tidak,Tidak,Tidak,Tidak,"58,37"
265,Kab. Sambas,-,WDP,Tepat Waktu,Menggunakan,Tidak Memenuhi,-,"58,17",-,"77,19","50,98","73,10",-,Tidak,Tidak,Tidak,Tidak,Tidak,"88,50"
266,Kab. Sanggau,-,WTP,Tepat Waktu,Menggunakan,Memenuhi,-,"55,70",-,"48,11","81,71","72,47",-,Tidak,Tidak,Tidak,Tidak,Tidak,"77,87"
267,Kab. Sintang,-,WTP,Tepat Waktu,Menggunakan,Memenuhi,-,"61,45",-,"53,19","59,78","54,37",-,Tidak,Tidak,Tidak,Tidak,Tidak,"56,29"
268,Kota Pontianak,-,WTP,Tepat Waktu,Menggunakan,Memenuhi,-,"55,48",-,"72,66","41,18","43,37",-,Tidak,Tidak,Tidak,Tidak,Tidak,"49,99"
269,Kota Singkawang,-,WDP,Tepat Waktu,Menggunakan,Tidak Memenuhi,-,"58,68",-,"68,08","68,26","26,57",-,Tidak,Tidak,Tidak,Tidak,Tidak,"60,84"
270,Kab. Sekadau,-,WTP,Tepat Waktu,Menggunakan,Memenuhi,-,"59,24",-,"72,28","58,97","51,81",-,Tidak,Tidak,Tidak,Tidak,Tidak,"63,80"
271,Kab. Melawi,-,WDP,Tidak Tepat Waktu,Menggunakan,Tidak Memenuhi,-,"57,46",-,"33,53","46,29","68,21",-,Tidak,Tidak,Tidak,Tidak,Tidak,"48,31"
272,Kab. Kayong Utara,-,WDP,Tepat Waktu,Menggunakan,Tidak Memenuhi,-,"54,49",-,"49,72","52,64","66,66",-,Tidak,Tidak,Tidak,Tidak,Tidak,"66,96"
273,Kab. Kubu Raya,-,WTP,Tepat Waktu,Menggunakan,Memenuhi,-,"46,32",-,"74,98","58,10","69,56",-,Tidak,Tidak,Tidak,Tidak,Tidak,"65,80"
274,Provinsi Kalimantan Tengah,-,WTP,Tidak Tepat Waktu,Menggunakan,Tidak Memenuhi,-,"45,39",-,"61,58","60,71","46,28",-,Tidak,Tidak,Tidak,Tidak,Tidak,"60,93"
275,Kab. Barito Selatan,-,WDP,Tepat Waktu,Menggunakan,Tidak Memenuhi,-,"45,82",-,"72,33","63,83","74,11",-,Tidak,Tidak,Tidak,Tidak,Tidak,"80,12"
276,Kab. Barito Utara,-,WTP,Tepat Waktu,Menggunakan,Memenuhi,-,"61,45",-,"62,54","38,47","76,26",-,Tidak,Tidak,Tidak,Tidak,Tidak,"85,58"
277,Kab. Kapuas,-,WTP,Tidak Tepat Waktu,Menggunakan,Tidak Memenuhi,-,"49,80",-,"66,04","50,89","76,82",-,Tidak,Tidak,Tidak,Tidak,Tidak,"84,81"
278,Kab. Kotawaringin Barat,-,WTP,Tepat Waktu,Menggunakan,Memenuhi,-,"56,02",-,"74,65","50,48","62,93",-,Tidak,Tidak,Tidak,Tidak,Tidak,"68,36"
279,Kab. Kotawaringin Timur,-,WTP,Tepat Waktu,Menggunakan,Memenuhi,-,"61,26",-,"67,48","64,04","69,20",-,Tidak,Tidak,Tidak,Tidak,Tidak,"79,30"
280,Kota Palangkaraya,-,WTP,Tepat Waktu,Menggunakan,Memenuhi,-,"60,16",-,"80,49","84,23","50,73",-,Tidak,Tidak,Tidak,Tidak,Tidak,"72,39"
281,Kab. Katingan,-,WTP,Tepat Waktu,Menggunakan,Memenuhi,-,"50,89",-,"54,33","63,99","58,44",-,Tidak,Tidak,Tidak,Tidak,Tidak,"72,20"
282,Kab. Seruyan,-,WTP,Tepat Waktu,Menggunakan,Memenuhi,-,"57,43",-,"45,08","53,42","63,70",-,Tidak,Tidak,Tidak,Tidak,Tidak,"76,47"
283,Kab. Sukamara,-,WTP,Tidak Tepat Waktu,Menggunakan,Tidak Memenuhi,-,"60,68",-,"74,33","77,91","63,19",-,Tidak,Tidak,Tidak,Tidak,Tidak,"73,20"
284,Kab. Lamandau,-,WTP,Tepat Waktu,Menggunakan,Memenuhi,-,"55,90",-,"77,17","71,40","72,05",-,Tidak,Tidak,Tidak,Tidak,Tidak,"61,62"
285,Kab. Gunung Mas,-,WTP,Tepat Waktu,Menggunakan,Memenuhi,-,"59,16",-,"44,86","45,10","67,12",-,Tidak,Tidak,Tidak,Tidak,Tidak,"73,46"
286,Kab. Pulang Pisau,-,WTP,Tepat Waktu,Menggunakan,Memenuhi,-,"65,36",-,"73,23","79,07","65,40",-,Tidak,Tidak,Tidak,Tidak,Tidak,"72,21"
287,Kab. Murung Raya,-,WTP,Tepat Waktu,Menggunakan,Memenuhi,-,"53,40",-,"55,75","53,10","59,30",-,Tidak,Tidak,Tidak,Tidak,Tidak,"65,70"
288,Kab. Barito Timur,-,WTP,Tepat Waktu,Menggunakan,Memenuhi,-,"46,19",-,"58,79","84,90","72,83",-,Tidak,Tidak,Tidak,Tidak,Tidak,"78,94"
289,Provinsi Kalimantan Selatan,-,WTP,Tepat Waktu,Menggunakan,Memenuhi,-,"74,84",-,"47,24","69,40","56,10",-,Tidak,Tidak,Tidak,Tidak,Tidak,"61,65"
290,Kab. Banjar,-,WTP,Tepat Waktu,Menggunakan,Memenuhi,-,"61,63",-,"49,72","72,82","61,67",-,Tidak,Tidak,Tidak,Tidak,Tidak,"67,52"
291,Kab. Barito Kuala,-,WTP,Tepat Waktu,Menggunakan,Memenuhi,-,"63,98",-,"66,05","58,70","67,08",-,Tidak,Tidak,Tidak,Tidak,Tidak,"77,65"
292,Kab. Hulu Sungai Selatan,-,WTP,Tepat Waktu,Menggunakan,Memenuhi,-,"51,22",-,"52,25","80,50","69,19",-,Tidak,Tidak,Tidak,Tidak,Tidak,"78,46"
293,Kab. Hulu Sungai Tengah,-,WTP,Tepat Waktu,Menggunakan,Memenuhi,-,"63,25",-,"65,87","82,54","64,77",-,Tidak,Tidak,Tidak,Tidak,Tidak,"59,58"
294,Kab. Hulu Sungai Utara,-,WTP,Tepat Waktu,Menggunakan,Memenuhi,-,"49,58",-,"54,65","62,83","68,51",-,Tidak,Tidak,Tidak,Tidak,Tidak,"82,58"
295,Kab. Kotabaru                                     ,-,WTP,Tidak Tepat Waktu,Menggunakan,Tidak Memenuhi,-,"41,56",-,"46,79","69,72","63,21",-,Tidak,Tidak,Tidak,Tidak,Tidak,"66,78"
296,Kab. Tabalong,-,WTP,Tepat Waktu,Menggunakan,Memenuhi,-,"65,43",-,"71,45","84,83","71,64",-,Tidak,Tidak,Tidak,Tidak,Tidak,"73,33"
297,Kab. Tanah Laut,-,WTP,Tepat Waktu,Menggunakan,Memenuhi,-,"47,94",-,"40,73","83,37","62,79",-,Tidak,Tidak,Tidak,Tidak,Tidak,"54,38"
298,Kab. Tapin,-,WTP,Tepat Waktu,Menggunakan,Memenuhi,-,"39,98",-,"64,25","59,85","58,84",-,Tidak,Tidak,Tidak,Tidak,Tidak,"61,45"
299,Kota Banjarbaru                                   ,-,WTP,Tepat Waktu,Menggunakan,Memenuhi,-,"59,01",-,"55,14","61,60","58,17",-,Tidak,Tidak,Tidak,Tidak,Tidak,"70,11"
300,Kota Banjarmasin,-,WTP,Tepat Waktu,Menggunakan,Memenuhi,-,"62,84",-,"71,89","43,20","43,82",-,Tidak,Tidak,Tidak,Tidak,Tidak,"68,35"
301,Kab. Balangan,-,WTP,Tepat Waktu,Menggunakan,Memenuhi,-,"59,89",-,"53,64","89,63","71,18",-,Tidak,Tidak,Tidak,Tidak,Tidak,"78,25"
302,Kab. Tanah Bumbu,-,WTP,Tepat Waktu,Menggunakan,Memenuhi,-,"44,20",-,"31,63","71,19","73,41",-,Tidak,Tidak,Tidak,Tidak,Tidak,"79,40"
303,Provinsi Kalimantan Timur,-,WTP,Tidak Tepat Waktu,Menggunakan,Tidak Memenuhi,-,"53,12",-,"63,19","57,27","59,49",-,Tidak,Tidak,ya,Tidak,Tidak,"54,30"
304,Kab. Berau,-,WDP,Tepat Waktu,Menggunakan,Tidak Memenuhi,-,"43,39",-,"58,79","76,77","65,43",-,Tidak,Tidak,Tidak,Tidak,Tidak,"56,49"
305,Kab. Kutai Kartanegara,-,WTP,Tidak Tepat Waktu,Menggunakan,Tidak Memenuhi,-,"37,41",-,"63,18","46,49","69,77",-,Tidak,Tidak,Tidak,Tidak,Tidak,"67,29"
306,Kab. Kutai Barat,-,WTP,Tepat Waktu,Menggunakan,Memenuhi,-,"40,39",-,"61,05","72,07","81,12",-,Tidak,Tidak,Tidak,Tidak,Tidak,"65,70"
307,Kab. Kutai Timur,-,WTP,Tepat Waktu,Menggunakan,Memenuhi,-,"61,51",-,"70,82","58,15","55,48",-,Tidak,Tidak,Tidak,Tidak,Tidak,"59,66"
308,Kab. Paser,-,WTP,Tepat Waktu,Menggunakan,Memenuhi,-,"40,15",-,"39,60","75,44","80,94",-,Tidak,Tidak,Tidak,Tidak,Tidak,"72,39"
309,Kota Balikpapan,-,WTP,Tepat Waktu,Menggunakan,Memenuhi,-,"48,34",-,"83,82","78,02","62,23",-,Tidak,Tidak,Tidak,Tidak,Tidak,"60,22"
310,Kota Bontang,-,WTP,Tepat Waktu,Menggunakan,Memenuhi,-,"48,69",-,"75,54","70,95","34,43",-,Tidak,Tidak,ya,Tidak,Tidak,"51,78"
311,Kota Samarinda,-,WTP,Tidak Tepat Waktu,Menggunakan,Tidak Memenuhi,-,"51,31",-,"76,05","61,53","47,76",-,Tidak,Tidak,ya,Tidak,Tidak,"52,27"
312,Kab. Penajam Paser Utara,-,WTP,Tidak Tepat Waktu,Menggunakan,Tidak Memenuhi,-,"72,11",-,"71,02","64,38","75,68",-,Tidak,Tidak,Tidak,Tidak,Tidak,"78,87"
313,Kab. Mahakam Ulu,-,WDP,Tepat Waktu,Menggunakan,Tidak Memenuhi,-,"42,70",-,"23,60","58,81","75,98",-,Tidak,Tidak,Tidak,Tidak,Tidak,"56,28"
314,Provinsi Sulawesi Utara,-,WTP,Tepat Waktu,Menggunakan,Memenuhi,-,"60,26",-,"62,53","56,01","44,30",-,Tidak,Tidak,Tidak,Tidak,Tidak,"66,70"
315,Kab. Bolaang Mongondow,-,TMP,Tepat Waktu,Menggunakan,Tidak Memenuhi,-,"58,06",-,"58,97","64,37","71,43",-,Tidak,Tidak,Tidak,Tidak,Tidak,"76,47"
316,Kab. Minahasa,-,WTP,Tepat Waktu,Menggunakan,Memenuhi,-,"57,08",-,"52,03","72,29","63,05",-,Tidak,Tidak,Tidak,Tidak,Tidak,"86,59"
317,Kab. Kepulauan Sangihe,-,WTP,Tepat Waktu,Menggunakan,Memenuhi,-,"58,40",-,"59,53","57,00","72,56",-,Tidak,Tidak,Tidak,Tidak,Tidak,"69,19"
318,Kota Bitung,-,WTP,Tepat Waktu,Menggunakan,Memenuhi,-,"52,18",-,"83,82","40,24","52,95",-,Tidak,Tidak,Tidak,Tidak,Tidak,"74,52"
319,Kota Manado,-,WDP,Tepat Waktu,Menggunakan,Tidak Memenuhi,-,"57,32",-,"74,64","65,18","44,67",-,Tidak,Tidak,Tidak,Tidak,Tidak,"62,78"
320,Kab. Kepulauan Talaud,-,WTP,Tepat Waktu,Menggunakan,Memenuhi,-,"65,82",-,"64,58","75,38","81,68",-,Tidak,Tidak,Tidak,Tidak,Tidak,"63,67"
321,Kab. Minahasa Selatan,-,WTP,Tepat Waktu,Menggunakan,Memenuhi,-,"65,35",-,"59,57","70,24","61,50",-,Tidak,Tidak,Tidak,Tidak,Tidak,"83,71"
322,Kota Tomohon,-,WTP,Tepat Waktu,Menggunakan,Memenuhi,-,"58,42",-,"69,30","84,70","61,60",-,Tidak,Tidak,Tidak,Tidak,Tidak,"64,70"
323,Kab. Minahasa Utara,-,WTP,Tepat Waktu,Menggunakan,Memenuhi,-,"60,82",-,"80,66","85,47","54,32",-,Tidak,Tidak,Tidak,Tidak,Tidak,"60,57"
324,Kab. Kep. Siau Tagulandang Biaro,-,WTP,Tidak Tepat Waktu,Menggunakan,Tidak Memenuhi,-,"64,11",-,"60,51","52,95","78,91",-,Tidak,Tidak,Tidak,Tidak,Tidak,"75,14"
325,Kota Kotamobagu,-,WTP,Tepat Waktu,Menggunakan,Memenuhi,-,"71,83",-,"73,64","50,78","58,67",-,Tidak,Tidak,Tidak,Tidak,Tidak,"61,81"
326,Kab. Bolaang Mongondow Utara,-,WTP,Tepat Waktu,Menggunakan,Memenuhi,-,"65,95",-,"51,75","64,50","74,36",-,Tidak,Tidak,Tidak,Tidak,Tidak,"75,61"
327,Kab. Minahasa Tenggara,-,WTP,Tepat Waktu,Menggunakan,Memenuhi,-,"64,66",-,"70,26","83,60","66,26",-,Tidak,Tidak,Tidak,Tidak,Tidak,"67,73"
328,Kab. Bolaang Mongondow Timur,-,WTP,Tepat Waktu,Menggunakan,Memenuhi,-,"53,11",-,"73,12","56,48","55,03",-,Tidak,Tidak,Tidak,Tidak,Tidak,"70,55"
329,Kab. Bolaang Mongondow Selatan,-,WTP,Tepat Waktu,Menggunakan,Memenuhi,-,"59,61",-,"61,36","44,16","61,12",-,Tidak,Tidak,Tidak,Tidak,Tidak,"59,38"
330,Provinsi Sulawesi Tengah,-,WTP,Tidak Tepat Waktu,Menggunakan,Tidak Memenuhi,-,"66,38",-,"58,86","48,00","66,57",-,Tidak,Tidak,Tidak,Tidak,Tidak,"62,64"
331,Kab. Banggai,-,WTP,Tepat Waktu,Menggunakan,Memenuhi,-,"49,74",-,"51,28","43,77","65,52",-,Tidak,Tidak,Tidak,Tidak,Tidak,"76,91"
332,Kab. Banggai Kepulauan,-,WDP,Tepat Waktu,Menggunakan,Tidak Memenuhi,-,"54,65",-,"55,80","66,80","60,29",-,Tidak,Tidak,Tidak,Tidak,Tidak,"52,14"
333,Kab. Buol,-,WTP,Tepat Waktu,Menggunakan,Memenuhi,-,"50,15",-,"67,43","68,85","67,14",-,Tidak,Tidak,Tidak,Tidak,Tidak,"65,66"
334,Kab. Toli-Toli,-,WDP,Tepat Waktu,Menggunakan,Tidak Memenuhi,-,"60,84",-,"46,58","57,69","64,96",-,Tidak,Tidak,Tidak,Tidak,Tidak,"59,89"
335,Kab. Donggala,-,WDP,Tepat Waktu,Menggunakan,Tidak Memenuhi,-,"56,56",-,"39,74","43,55","56,30",-,Tidak,Tidak,Tidak,Tidak,Tidak,"51,18"
336,Kab. Morowali,-,WTP,Tepat Waktu,Menggunakan,Memenuhi,-,"57,61",-,"64,58","65,06","66,42",-,Tidak,Tidak,Tidak,Tidak,Tidak,"74,30"
337,Kab. Poso,-,WDP,Tepat Waktu,Menggunakan,Tidak Memenuhi,-,"54,44",-,"62,75","73,90","68,59",-,Tidak,Tidak,Tidak,Tidak,Tidak,"72,42"
338,Kota Palu,-,WTP,Tepat Waktu,Menggunakan,Memenuhi,-,"64,90",-,"86,69","51,64","44,14",-,Tidak,Tidak,Tidak,Tidak,Tidak,"63,11"
339,Kab. Parigi Moutong,-,WDP,Tidak Tepat Waktu,Menggunakan,Tidak Memenuhi,-,"61,35",-,"55,34","85,12","83,91",-,Tidak,Tidak,Tidak,Tidak,Tidak,"70,02"
340,Kab. Tojo Una Una,-,WTP,Tepat Waktu,Menggunakan,Memenuhi,-,"55,63",-,"60,19","64,34","75,97",-,Tidak,Tidak,Tidak,Tidak,Tidak,"68,98"
341,Kab. Sigi,-,WDP,Tepat Waktu,Menggunakan,Tidak Memenuhi,-,"61,55",-,"64,35","62,19","70,45",-,Tidak,Tidak,Tidak,Tidak,Tidak,"55,25"
342,Kab. Banggai Laut,-,WDP,Tidak Tepat Waktu,Menggunakan,Tidak Memenuhi,-,"45,95",-,"52,63","42,83","65,11",-,Tidak,Tidak,Tidak,Tidak,Tidak,"70,67"
343,Kab. Morowali Utara,-,WDP,Tepat Waktu,Menggunakan,Tidak Memenuhi,-,"49,90",-,"50,14","69,37","76,22",-,Tidak,Tidak,Tidak,Tidak,Tidak,"72,36"
344,Provinsi Sulawesi Selatan,-,WTP,Tepat Waktu,Menggunakan,Memenuhi,-,"58,12",-,"58,11","56,56","59,01",-,Tidak,Tidak,Tidak,Tidak,Tidak,"57,89"
345,Kab. Bantaeng,-,WTP,Tepat Waktu,Menggunakan,Memenuhi,-,"52,16",-,"71,07","58,44","61,15",-,Tidak,Tidak,Tidak,Tidak,Tidak,"51,17"
346,Kab. Barru,-,WTP,Tepat Waktu,Menggunakan,Memenuhi,-,"52,15",-,"69,36","45,57","64,32",-,Tidak,Tidak,Tidak,Tidak,Tidak,"52,32"
347,Kab. Bone,-,WTP,Tepat Waktu,Menggunakan,Memenuhi,-,"53,14",-,"78,85","67,88","59,84",-,Tidak,Tidak,Tidak,Tidak,Tidak,"62,12"
348,Kab. Bulukumba,-,WTP,Tepat Waktu,Menggunakan,Memenuhi,-,"49,73",-,"61,41","66,72","82,21",-,Tidak,Tidak,Tidak,Tidak,Tidak,"76,96"
349,Kab. Enrekang,-,WDP,Tepat Waktu,Menggunakan,Tidak Memenuhi,-,"58,83",-,"55,10","63,55","78,10",-,Tidak,Tidak,Tidak,Tidak,Tidak,"82,05"
350,Kab. Gowa,-,WTP,Tepat Waktu,Menggunakan,Memenuhi,-,"61,07",-,"69,54","58,97","77,19",-,Tidak,Tidak,Tidak,Tidak,Tidak,"71,07"
351,Kab. Jeneponto,-,TMP,Tidak Tepat Waktu,Menggunakan,Tidak Memenuhi,-,"49,05",-,"74,74","54,98","51,23",-,Tidak,Tidak,Tidak,Tidak,Tidak,"45,56"
352,Kab. Luwu,-,WTP,Tepat Waktu,Menggunakan,Memenuhi,-,"63,58",-,"56,95","70,38","67,04",-,Tidak,Tidak,Tidak,Tidak,Tidak,"55,57"
353,Kab. Luwu Utara,-,WTP,Tepat Waktu,Menggunakan,Memenuhi,-,"65,20",-,"59,50","49,77","59,49",-,Tidak,Tidak,Tidak,Tidak,Tidak,"48,91"
354,Kab. Maros,-,WTP,Tepat Waktu,Menggunakan,Memenuhi,-,"54,46",-,"77,62","72,06","69,57",-,Tidak,Tidak,Tidak,Tidak,Tidak,"75,60"
355,Kab. Pangkajene Kepulauan,-,WTP,Tepat Waktu,Menggunakan,Memenuhi,-,"56,81",-,"52,08","67,10","60,01",-,Tidak,Tidak,Tidak,Tidak,Tidak,"59,90"
356,Kota Palopo,-,WTP,Tepat Waktu,Menggunakan,Memenuhi,-,"72,38",-,"63,82","54,26","51,98",-,Tidak,Tidak,Tidak,Tidak,Tidak,"45,26"
357,Kab. Luwu Timur,-,WTP,Tepat Waktu,Menggunakan,Memenuhi,-,"64,38",-,"64,51","70,35","75,80",-,Tidak,Tidak,Tidak,Tidak,Tidak,"60,54"
358,Kab. Pinrang,-,WTP,Tepat Waktu,Menggunakan,Memenuhi,-,"51,94",-,"60,10","75,94","57,53",-,Tidak,Tidak,ya,Tidak,Tidak,"53,05"
359,Kab. Sinjai,-,WTP,Tepat Waktu,Menggunakan,Memenuhi,-,"58,26",-,"63,31","73,96","70,03",-,Tidak,Tidak,Tidak,Tidak,Tidak,"69,43"
360,Kab. Kepulauan Selayar                            ,-,WTP,Tepat Waktu,Menggunakan,Memenuhi,-,"62,99",-,"63,45","70,30","67,29",-,Tidak,Tidak,Tidak,Tidak,Tidak,"60,85"
361,Kab. Sidenreng Rappang,-,WTP,Tepat Waktu,Menggunakan,Memenuhi,-,"46,71",-,"60,75","78,52","61,40",-,Tidak,Tidak,Tidak,Tidak,Tidak,"61,04"
362,Kab. Soppeng,-,WTP,Tepat Waktu,Menggunakan,Memenuhi,-,"58,94",-,"72,42","59,95","65,09",-,Tidak,Tidak,Tidak,Tidak,Tidak,"57,75"
363,Kab. Takalar,-,WDP,Tepat Waktu,Menggunakan,Tidak Memenuhi,-,"51,60",-,"60,89","68,97","66,29",-,Tidak,Tidak,Tidak,Tidak,Tidak,"75,53"
364,Kab. Tana Toraja,-,WDP,Tepat Waktu,Menggunakan,Tidak Memenuhi,-,"40,42",-,"50,31","69,85","64,04",-,Tidak,Tidak,Tidak,Tidak,Tidak,"61,87"
365,Kab. Wajo,-,WTP,Tepat Waktu,Menggunakan,Memenuhi,-,"59,00",-,"58,78","83,35","49,20",-,Tidak,Tidak,Tidak,Tidak,Tidak,"65,28"
366,Kota Pare-pare,-,WTP,Tepat Waktu,Menggunakan,Memenuhi,-,"60,72",-,"73,82","68,96","47,34",-,Tidak,Tidak,Tidak,Tidak,Tidak,"61,05"
367,Kota Makassar,-,WTP,Tepat Waktu,Menggunakan,Memenuhi,-,"54,09",-,"78,44","64,39","58,64",-,Tidak,Tidak,ya,Tidak,Tidak,"66,69"
368,Kab. Toraja Utara,-,WTP,Tepat Waktu,Menggunakan,Memenuhi,-,"58,88",-,"70,18","61,81","68,13",-,Tidak,Tidak,Tidak,Tidak,Tidak,"79,89"
369,Provinsi Sulawesi Tenggara,-,WTP,Tepat Waktu,Menggunakan,Memenuhi,-,"60,48",-,"66,89","62,84","62,28",-,Tidak,Tidak,Tidak,Tidak,Tidak,"47,61"
370,Kab. Buton,-,WTP,Tepat Waktu,Menggunakan,Memenuhi,-,"65,38",-,"39,26","84,11","78,55",-,Tidak,Tidak,Tidak,Tidak,Tidak,"72,72"
371,Kab. Konawe,-,WTP,Tepat Waktu,Menggunakan,Memenuhi,-,"48,57",-,"60,92","64,95","54,58",-,Tidak,Tidak,Tidak,Tidak,Tidak,"48,81"
372,Kab. Kolaka,-,WTP,Tepat Waktu,Menggunakan,Memenuhi,-,"50,25",-,"63,80","48,31","64,94",-,Tidak,Tidak,Tidak,Tidak,Tidak,"62,50"
373,Kab. Muna,-,WTP,Tidak Tepat Waktu,Menggunakan,Tidak Memenuhi,-,"58,45",-,"68,05","67,72","75,93",-,Tidak,Tidak,Tidak,Tidak,Tidak,"73,03"
374,Kota Kendari,-,WTP,Tepat Waktu,Menggunakan,Memenuhi,-,"57,53",-,"67,96","74,57","51,14",-,Tidak,Tidak,Tidak,Tidak,Tidak,"54,39"
375,Kota Bau-bau,-,WTP,Tepat Waktu,Menggunakan,Memenuhi,-,"58,72",-,"55,32","79,36","62,79",-,Tidak,Tidak,Tidak,Tidak,Tidak,"67,52"
376,Kab. Konawe Selatan,-,WTP,Tepat Waktu,Menggunakan,Memenuhi,-,"43,28",-,"41,14","65,54","61,14",-,Tidak,Tidak,Tidak,Tidak,Tidak,"69,02"
377,Kab. Bombana,-,WTP,Tepat Waktu,Menggunakan,Memenuhi,-,"71,95",-,"60,43","55,52","55,98",-,Tidak,Tidak,Tidak,Tidak,Tidak,"47,96"
378,Kab. Wakatobi,-,WTP,Tepat Waktu,Menggunakan,Memenuhi,-,"48,91",-,"37,03","68,07","67,13",-,Tidak,Tidak,Tidak,Tidak,Tidak,"60,05"
379,Kab. Kolaka Utara,-,WTP,Tepat Waktu,Menggunakan,Memenuhi,-,"44,76",-,"61,01","65,63","64,73",-,Tidak,Tidak,Tidak,Tidak,Tidak,"59,72"
380,Kab. Konawe Utara,-,WDP,Tepat Waktu,Menggunakan,Tidak Memenuhi,-,"47,88",-,"48,58","79,22","83,82",-,Tidak,Tidak,Tidak,Tidak,Tidak,"76,31"
381,Kab. Buton Utara,-,WDP,Tepat Waktu,Menggunakan,Tidak Memenuhi,-,"44,95",-,"38,04","87,39","64,10",-,Tidak,Tidak,Tidak,Tidak,Tidak,"66,00"
382,Kab. Konawe Kepulauan,-,WDP,Tepat Waktu,Menggunakan,Tidak Memenuhi,-,"60,78",-,"47,79","60,56","85,42",-,Tidak,Tidak,Tidak,Tidak,Tidak,"63,35"
383,Kab. Kolaka Timur,-,WDP,Tepat Waktu,Menggunakan,Tidak Memenuhi,-,"52,05",-,"59,50","68,66","74,98",-,Tidak,Tidak,Tidak,Tidak,Tidak,"64,98"
384,Kab. Muna Barat,-,WTP,Tidak Tepat Waktu,Menggunakan,Tidak Memenuhi,-,"66,03",-,"77,57","77,45","59,16",-,Tidak,Tidak,Tidak,Tidak,Tidak,"51,98"
385,Kab. Buton Tengah,-,WDP,Tepat Waktu,Menggunakan,Tidak Memenuhi,-,"67,21",-,"45,25","60,82","64,86",-,Tidak,Tidak,Tidak,Tidak,Tidak,"53,19"
386,Kab. Buton Selatan,-,WDP,Tepat Waktu,Menggunakan,Tidak Memenuhi,-,"60,30",-,"46,69","70,57","64,81",-,Tidak,Tidak,Tidak,Tidak,Tidak,"59,40"
387,Provinsi Bali,-,WTP,Tepat Waktu,Menggunakan,Memenuhi,-,"64,44",-,"62,52","78,26","62,59",-,Tidak,Tidak,Tidak,Tidak,Tidak,"73,84"
388,Kab. Badung,-,WTP,Tepat Waktu,Menggunakan,Memenuhi,-,"82,46",-,"79,12","72,70","84,82",-,Tidak,Tidak,Tidak,Tidak,Tidak,"86,44"
389,Kab. Bangli,-,WTP,Tepat Waktu,Menggunakan,Memenuhi,-,"65,37",-,"80,52","86,25","78,72",-,Tidak,Tidak,Tidak,Tidak,Tidak,"85,12"
390,Kab. Buleleng,-,WTP,Tepat Waktu,Menggunakan,Memenuhi,-,"52,03",-,"63,95","76,86","65,26",-,Tidak,Tidak,Tidak,Tidak,Tidak,"80,17"
391,Kab. Gianyar,-,WTP,Tepat Waktu,Menggunakan,Memenuhi,-,"63,31",-,"71,02","80,15","81,22",-,Tidak,Tidak,Tidak,Tidak,Tidak,"76,97"
392,Kab. Jembrana,-,WTP,Tepat Waktu,Menggunakan,Memenuhi,-,"54,91",-,"70,76","76,91","85,90",-,Tidak,Tidak,Tidak,Tidak,Tidak,"80,31"
393,Kab. Karangasem,-,WTP,Tepat Waktu,Menggunakan,Memenuhi,-,"45,12",-,"65,28","72,61","76,10",-,Tidak,Tidak,Tidak,Tidak,Tidak,"77,25"
394,Kab. Klungkung,-,WTP,Tepat Waktu,Menggunakan,Memenuhi,-,"59,91",-,"74,04","69,28","72,97",-,Tidak,Tidak,Tidak,Tidak,Tidak,"66,73"
395,Kab. Tabanan,-,WTP,Tepat Waktu,Menggunakan,Memenuhi,-,"59,62",-,"71,16","75,54","78,51",-,Tidak,Tidak,Tidak,Tidak,Tidak,"82,21"
396,Kota Denpasar,-,WTP,Tepat Waktu,Menggunakan,Memenuhi,-,"54,14",-,"76,18","79,42","45,13",-,Tidak,Tidak,Tidak,Tidak,Tidak,"77,77"
397,Provinsi Nusa Tenggara Barat,-,WTP,Tepat Waktu,Menggunakan,Memenuhi,-,"60,02",-,"80,10","73,96","56,50",-,Tidak,Tidak,Tidak,Tidak,Tidak,"64,91"
398,Kab. Bima,-,WTP,Tepat Waktu,Menggunakan,Memenuhi,-,"59,72",-,"58,42","61,89","68,85",-,Tidak,Tidak,Tidak,Tidak,Tidak,"71,71"
399,Kab. Dompu,-,WTP,Tidak Tepat Waktu,Menggunakan,Tidak Memenuhi,-,"43,24",-,"57,32","85,87","73,87",-,Tidak,Tidak,Tidak,Tidak,Tidak,"85,43"
400,Kab. Lombok Barat,-,WTP,Tepat Waktu,Menggunakan,Memenuhi,-,"53,44",-,"65,90","79,39","64,46",-,Tidak,Tidak,Tidak,Tidak,Tidak,"84,02"
401,Kab. Lombok Tengah,-,WTP,Tepat Waktu,Menggunakan,Memenuhi,-,"57,35",-,"69,81","65,95","58,48",-,Tidak,Tidak,Tidak,Tidak,Tidak,"64,76"
402,Kab. Lombok Timur,-,WTP,Tepat Waktu,Menggunakan,Memenuhi,-,"53,67",-,"71,12","71,25","69,25",-,Tidak,Tidak,Tidak,Tidak,Tidak,"82,18"
403,Kab. Sumbawa,-,WTP,Tepat Waktu,Menggunakan,Memenuhi,-,"54,65",-,"56,96","79,68","75,92",-,Tidak,Tidak,Tidak,Tidak,Tidak,"77,82"
404,Kota Mataram,-,WTP,Tepat Waktu,Menggunakan,Memenuhi,-,"74,65",-,"74,41","67,61","79,48",-,Tidak,Tidak,Tidak,Tidak,Tidak,"82,41"
405,Kota Bima,-,WTP,Tepat Waktu,Menggunakan,Memenuhi,-,"57,56",-,"65,28","79,82","77,32",-,Tidak,Tidak,Tidak,Tidak,Tidak,"72,67"
406,Kab. Sumbawa Barat,-,WTP,Tepat Waktu,Menggunakan,Memenuhi,-,"56,65",-,"60,52","71,84","78,71",-,Tidak,Tidak,Tidak,Tidak,Tidak,"79,57"
407,Kab. Lombok Utara,-,WTP,Tepat Waktu,Menggunakan,Memenuhi,-,"64,10",-,"67,57","60,13","80,58",-,Tidak,Tidak,Tidak,Tidak,Tidak,"72,96"
408,Provinsi Nusa Tenggara Timur,-,WTP,Tepat Waktu,Menggunakan,Memenuhi,-,"60,19",-,"57,74","57,64","52,04",-,Tidak,Tidak,Tidak,Tidak,Tidak,"37,30"
409,Kab. Alor,-,WDP,Tepat Waktu,Menggunakan,Tidak Memenuhi,-,"51,82",-,"62,75","39,13","54,75",-,Tidak,Tidak,Tidak,Tidak,Tidak,"59,05"
410,Kab. Belu,-,WDP,Tepat Waktu,Menggunakan,Tidak Memenuhi,-,"54,90",-,"59,13","67,24","56,52",-,Tidak,Tidak,Tidak,Tidak,Tidak,"70,02"
411,Kab. Ende,-,WDP,Tepat Waktu,Menggunakan,Tidak Memenuhi,-,"47,25",-,"64,42","81,81","51,16",-,Tidak,Tidak,Tidak,Tidak,Tidak,"42,44"
412,Kab. Flores Timur,-,WDP,Tepat Waktu,Menggunakan,Tidak Memenuhi,-,"54,29",-,"78,06","46,08","61,90",-,Tidak,Tidak,Tidak,Tidak,Tidak,"61,10"
413,Kab. Kupang,-,WDP,Tepat Waktu,Menggunakan,Tidak Memenuhi,-,"60,60",-,"75,95","51,22","55,84",-,Tidak,Tidak,Tidak,Tidak,Tidak,"41,20"
414,Kab. Lembata,-,WDP,Tepat Waktu,Menggunakan,Tidak Memenuhi,-,"57,32",-,"52,99","75,71","73,78",-,Tidak,Tidak,Tidak,Tidak,Tidak,"71,00"
415,Kab. Manggarai,-,WDP,Tepat Waktu,Menggunakan,Tidak Memenuhi,-,"55,62",-,"66,29","90,53","79,18",-,Tidak,Tidak,Tidak,Tidak,Tidak,"78,92"
416,Kab. Ngada,-,WDP,Tepat Waktu,Menggunakan,Tidak Memenuhi,-,"50,59",-,"59,20","47,65","74,36",-,Tidak,Tidak,Tidak,Tidak,Tidak,"61,39"
417,Kab. Sikka,-,WTP,Tepat Waktu,Menggunakan,Memenuhi,-,"48,16",-,"78,86","76,53","64,51",-,Tidak,Tidak,Tidak,Tidak,Tidak,"52,75"
418,Kab. Sumba Barat,-,WDP,Tepat Waktu,Menggunakan,Tidak Memenuhi,-,"69,25",-,"57,82","82,04","54,34",-,Tidak,Tidak,Tidak,Tidak,Tidak,"62,53"
419,Kab. Sumba Timur,-,WTP,Tepat Waktu,Menggunakan,Memenuhi,-,"52,75",-,"48,11","65,27","78,93",-,Tidak,Tidak,Tidak,Tidak,Tidak,"61,93"
420,Kab. Timor Tengah Selatan,-,WDP,Tepat Waktu,Menggunakan,Tidak Memenuhi,-,"48,19",-,"44,19","50,20","48,43",-,Tidak,Tidak,Tidak,Tidak,Tidak,"55,30"
421,Kab. Timor Tengah Utara,-,WDP,Tepat Waktu,Menggunakan,Tidak Memenuhi,-,"58,69",-,"67,46","52,83","68,25",-,Tidak,Tidak,Tidak,Tidak,Tidak,"65,45"
422,Kota Kupang,-,WDP,Tepat Waktu,Menggunakan,Tidak Memenuhi,-,"62,30",-,"61,92","51,32","51,95",-,Tidak,Tidak,Tidak,Tidak,Tidak,"58,25"
423,Kab. Rote Ndao,-,WDP,Tepat Waktu,Menggunakan,Tidak Memenuhi,-,"56,20",-,"38,22","50,35","80,00",-,Tidak,Tidak,Tidak,Tidak,Tidak,"73,72"
424,Kab. Manggarai Barat,-,WDP,Tepat Waktu,Menggunakan,Tidak Memenuhi,-,"64,80",-,"51,85","67,30","60,79",-,Tidak,Tidak,Tidak,Tidak,Tidak,"67,78"
425,Kab. Nagekeo,-,WDP,Tepat Waktu,Menggunakan,Tidak Memenuhi,-,"64,80",-,"67,28","65,27","64,44",-,Tidak,Tidak,Tidak,Tidak,Tidak,"72,60"
426,Kab. Sumba Barat Daya                             ,-,WDP,Tepat Waktu,Menggunakan,Tidak Memenuhi,-,"43,09",-,"38,50","57,37","65,40",-,Tidak,Tidak,Tidak,Tidak,Tidak,"55,29"
427,Kab. Sumba Tengah                                 ,-,WDP,Tepat Waktu,Menggunakan,Tidak Memenuhi,-,"53,73",-,"50,71","66,66","72,27",-,Tidak,Tidak,Tidak,Tidak,Tidak,"38,10"
428,Kab. Manggarai Timur,-,WDP,Tepat Waktu,Menggunakan,Tidak Memenuhi,-,"64,22",-,"52,79","73,39","64,02",-,Tidak,Tidak,Tidak,Tidak,Tidak,"67,77"
429,Kab. Sabu Raijua,-,WDP,Tepat Waktu,Menggunakan,Tidak Memenuhi,-,"48,66",-,"52,22","73,69","75,42",-,Tidak,Tidak,Tidak,Tidak,Tidak,"69,77"
430,Kab. Malaka,-,WDP,Tepat Waktu,Menggunakan,Tidak Memenuhi,-,"47,22",-,"65,98","51,51","64,72",-,Tidak,Tidak,Tidak,Tidak,Tidak,"80,79"
431,Provinsi Maluku,-,WTP,Tepat Waktu,Menggunakan,Memenuhi,-,"85,90",-,"60,02","48,67","61,96",-,Tidak,Tidak,Tidak,Tidak,Tidak,"51,76"
432,Kab. Maluku Tenggara Barat,-,WDP,Tepat Waktu,Menggunakan,Tidak Memenuhi,-,"51,27",-,"49,66","87,02","62,42",-,Tidak,Tidak,Tidak,Tidak,Tidak,"75,30"
433,Kab. Maluku Tengah,-,WTP,Tepat Waktu,Menggunakan,Memenuhi,-,"50,14",-,"65,13","49,10","82,57",-,Tidak,Tidak,Tidak,Tidak,Tidak,"70,43"
434,Kab. Maluku Tenggara,-,WTP,Tepat Waktu,Menggunakan,Memenuhi,-,"54,27",-,"79,23","81,49","80,09",-,Tidak,Tidak,Tidak,Tidak,Tidak,"72,47"
435,Kab. Buru                                         ,-,WTP,Tepat Waktu,Menggunakan,Memenuhi,-,"59,03",-,"43,81","65,39","77,89",-,Tidak,Tidak,Tidak,Tidak,Tidak,"77,50"
436,Kota Ambon,-,WDP,Tepat Waktu,Menggunakan,Tidak Memenuhi,-,"55,16",-,"66,11","31,08","54,53",-,Tidak,Tidak,Tidak,Tidak,Tidak,"53,05"
437,Kab. Seram Bagian Barat,-,TMP,Tidak Tepat Waktu,Menggunakan,Tidak Memenuhi,-,"49,56",-,"52,61","67,87","71,89",-,Tidak,Tidak,Tidak,Tidak,Tidak,"52,54"
438,Kab. Seram Bagian Timur,-,WDP,Tepat Waktu,Menggunakan,Tidak Memenuhi,-,"52,70",-,"55,34","50,35","72,46",-,Tidak,Tidak,Tidak,Tidak,Tidak,"77,51"
439,Kab. Kepulauan Aru,-,TMP,Tidak Tepat Waktu,Menggunakan,Tidak Memenuhi,-,"69,26",-,"64,96","62,23","70,85",-,Tidak,Tidak,Tidak,Tidak,Tidak,"56,41"
440,Kota Tual,-,WDP,Tepat Waktu,Menggunakan,Tidak Memenuhi,-,"57,88",-,"79,48","72,03","40,24",-,Tidak,Tidak,Tidak,Tidak,Tidak,"28,74"
441,Kab. Maluku Barat Daya,-,WDP,Tepat Waktu,Menggunakan,Tidak Memenuhi,-,"45,35",-,"67,28","32,38","69,11",-,Tidak,Tidak,Tidak,Tidak,Tidak,"66,72"
442,Kab. Buru Selatan,-,TMP,Tepat Waktu,Menggunakan,Tidak Memenuhi,-,"68,12",-,"58,37","64,21","72,34",-,Tidak,Tidak,Tidak,Tidak,Tidak,"76,18"
443,Provinsi Papua,-,WTP,Tepat Waktu,Menggunakan,Memenuhi,-,"55,68",-,"38,18","41,52","37,50",-,Tidak,Tidak,Tidak,Tidak,Tidak,"31,25"
444,Kab. Biak Numfor,-,TMP,Tidak Tepat Waktu,Menggunakan,Tidak Memenuhi,-,"46,56",-,"62,29","70,79","62,35",-,Tidak,Tidak,Tidak,Tidak,Tidak,"49,31"
445,Kab. Jayapura,-,WTP,Tepat Waktu,Menggunakan,Memenuhi,-,"56,47",-,"62,94","57,91","73,67",-,Tidak,Tidak,Tidak,Tidak,Tidak,"69,38"
446,Kab. Jayawijaya,-,WTP,Tepat Waktu,Menggunakan,Memenuhi,-,"51,55",-,"51,68","64,92","72,18",-,Tidak,Tidak,Tidak,Tidak,Tidak,"47,19"
447,Kab. Merauke,-,WTP,Tepat Waktu,Menggunakan,Memenuhi,-,"42,14",-,"58,86","91,58","74,86",-,Tidak,Tidak,Tidak,Tidak,Tidak,"50,94"
448,Kab. Mimika,-,WTP,Tidak Tepat Waktu,Menggunakan,Tidak Memenuhi,-,"55,34",-,"67,10","72,49","75,37",-,Tidak,Tidak,Tidak,Tidak,Tidak,"81,67"
449,Kab. Nabire,-,WTP,Tepat Waktu,Menggunakan,Memenuhi,-,"47,12",-,"54,47","43,46","61,36",-,Tidak,Tidak,Tidak,Tidak,Tidak,"41,61"
450,Kab. Paniai,-,WDP,Tepat Waktu,Menggunakan,Tidak Memenuhi,-,"48,92",-,"58,50","48,53","52,66",-,Tidak,Tidak,Tidak,Tidak,Tidak,"28,47"
451,Kab. Puncak Jaya,-,WDP,Tepat Waktu,Menggunakan,Tidak Memenuhi,-,"47,86",-,"58,57","68,78","44,44",-,Tidak,Tidak,Tidak,Tidak,Tidak,"38,04"
452,Kab. Kepulauan Yapen                              ,-,WTP,Tidak Tepat Waktu,Menggunakan,Tidak Memenuhi,-,"54,24",-,"62,46","66,80","51,83",-,Tidak,Tidak,Tidak,Tidak,Tidak,"46,49"
453,Kota Jayapura,-,WTP,Tepat Waktu,Menggunakan,Memenuhi,-,"46,79",-,"55,20","54,69","68,74",-,Tidak,Tidak,Tidak,Tidak,Tidak,"62,68"
454,Kab. Sarmi,-,TMP,Tidak Tepat Waktu,Menggunakan,Tidak Memenuhi,-,"59,34",-,"38,66","58,38","69,67",-,Tidak,Tidak,Tidak,Tidak,Tidak,"52,58"
455,Kab. Keerom,-,WDP,Tepat Waktu,Menggunakan,Tidak Memenuhi,-,"63,47",-,"76,19","51,88","70,40",-,Tidak,Tidak,Tidak,Tidak,Tidak,"58,12"
456,Kab. Yahukimo,-,WDP,Tidak Tepat Waktu,Menggunakan,Tidak Memenuhi,-,"52,38",-,"21,74","60,96","29,74",-,Tidak,Tidak,Tidak,Tidak,Tidak,"49,36"
457,Kab. Pegunungan Bintang,-,WDP,Tepat Waktu,Menggunakan,Tidak Memenuhi,-,"54,56",-,"24,70","66,00","41,37",-,Tidak,Tidak,Tidak,Tidak,Tidak,"46,04"
458,Kab. Tolikara,-,TMP,Tepat Waktu,Menggunakan,Tidak Memenuhi,-,"51,44",-,"22,90","43,88","55,16",-,Tidak,Tidak,Tidak,Tidak,Tidak,"53,41"
459,Kab. Boven Digoel,-,TMP,Tidak Tepat Waktu,Menggunakan,Tidak Memenuhi,-,"46,75",-,"54,09","49,03","66,22",-,Tidak,Tidak,Tidak,Tidak,Tidak,"41,35"
460,Kab. Mappi,-,TMP,Tidak Tepat Waktu,Menggunakan,Tidak Memenuhi,-,"49,82",-,"41,18","61,88","52,48",-,Tidak,Tidak,Tidak,Tidak,Tidak,"49,21"
461,Kab. Asmat,-,WTP,Tepat Waktu,Menggunakan,Memenuhi,-,"51,83",-,"65,03","64,28","59,85",-,Tidak,Tidak,Tidak,Tidak,Tidak,"63,14"
462,Kab. Waropen,-,TMP,Tidak Tepat Waktu,Tidak Menggunakan,Tidak Memenuhi,-,"53,22",-,"63,83","41,77","66,43",-,Tidak,Tidak,Tidak,Tidak,Tidak,"55,73"
463,Kab. Supiori,-,WDP,Tidak Tepat Waktu,Tidak Menggunakan,Tidak Memenuhi,-,"53,19",-,"62,52","67,66","61,75",-,Tidak,Tidak,Tidak,Tidak,Tidak,"56,94"
464,Kab. Mamberamo Raya,-,TMP,Tidak Tepat Waktu,Menggunakan,Tidak Memenuhi,-,"67,32",-,"46,23","83,38","52,05",-,Tidak,Tidak,Tidak,Tidak,Tidak,"50,40"
465,Kab. Mamberamo Tengah,-,TMP,Tepat Waktu,Menggunakan,Tidak Memenuhi,-,"49,67",-,Tidak,"61,59","41,14",-,Tidak,Tidak,Tidak,Tidak,Tidak,"30,58"
466,Kab. Yalimo,-,WDP,Tidak Tepat Waktu,Menggunakan,Tidak Memenuhi,-,"56,01",-,"36,96","42,22","49,74",-,Tidak,Tidak,Tidak,Tidak,Tidak,"44,93"
467,Kab. Lanny Jaya,-,WDP,Tepat Waktu,Menggunakan,Tidak Memenuhi,-,"50,80",-,"32,89","70,68","63,00",-,Tidak,Tidak,Tidak,Tidak,Tidak,"54,11"
468,Kab. Nduga,-,TMP,Tidak Tepat Waktu,Menggunakan,Tidak Memenuhi,-,"48,61",-,"23,07","48,44","40,03",-,Tidak,Tidak,Tidak,Tidak,Tidak,"35,10"
469,Kab. Dogiyai,-,TMP,Tidak Tepat Waktu,Menggunakan,Tidak Memenuhi,-,"59,68",-,"33,82","14,55","46,86",-,Tidak,Tidak,Tidak,Tidak,Tidak,"38,86"
470,Kab. Puncak ,-,TMP,Tidak Tepat Waktu,Menggunakan,Tidak Memenuhi,-,"42,38",-,"36,72","50,88","29,78",-,Tidak,Tidak,Tidak,Tidak,Tidak,"34,82"
471,Kab. Intan Jaya,-,WDP,Tidak Tepat Waktu,Tidak Menggunakan,Tidak Memenuhi,-,"45,51",-,"40,24","16,76","37,24",-,Tidak,Tidak,Tidak,Tidak,Tidak,"21,52"
472,Kab. Deiyai,-,TMP,Tidak Tepat Waktu,Menggunakan,Tidak Memenuhi,-,"49,83",-,"34,73","46,54","31,24",-,Tidak,Tidak,Tidak,Tidak,Tidak,"41,12"
473,Provinsi Maluku Utara,-,WTP,Tidak Tepat Waktu,Menggunakan,Tidak Memenuhi,-,"68,12",-,"63,20","56,61","80,43",-,Tidak,Tidak,Tidak,Tidak,Tidak,"82,35"
474,Kab. Halmahera Tengah,-,WDP,Tepat Waktu,Menggunakan,Tidak Memenuhi,-,"49,23",-,"55,09","78,97","88,64",-,Tidak,Tidak,Tidak,Tidak,Tidak,"84,46"
475,Kota Ternate,-,WTP,Tepat Waktu,Menggunakan,Memenuhi,-,"61,79",-,"70,84","57,37","48,15",-,Tidak,Tidak,Tidak,Tidak,Tidak,"65,79"
476,Kab. Halmahera Barat,-,WDP,Tepat Waktu,Menggunakan,Tidak Memenuhi,-,"61,85",-,"80,82","77,37","71,28",-,Tidak,Tidak,Tidak,Tidak,Tidak,"87,86"
477,Kab. Halmahera Timur,-,WTP,Tepat Waktu,Menggunakan,Memenuhi,-,"60,13",-,"65,01","59,90","74,78",-,Tidak,Tidak,Tidak,Tidak,Tidak,"65,71"
478,Kab. Halmahera Selatan,-,WTP,Tepat Waktu,Menggunakan,Memenuhi,-,"61,12",-,"48,68","79,59","81,85",-,Tidak,Tidak,Tidak,Tidak,Tidak,"83,58"
479,Kab. Halmahera Utara,-,WTP,Tepat Waktu,Menggunakan,Memenuhi,-,"53,78",-,"76,20","72,80","79,45",-,Tidak,Tidak,Tidak,Tidak,Tidak,"91,51"
480,Kab. Kepulauan Sula,-,WDP,Tepat Waktu,Menggunakan,Tidak Memenuhi,-,"59,51",-,"50,35","62,84","61,25",-,Tidak,Tidak,Tidak,Tidak,Tidak,"68,04"
481,Kota Tidore Kepulauan,-,WTP,Tepat Waktu,Menggunakan,Memenuhi,-,"64,46",-,"54,41","35,94","70,89",-,Tidak,Tidak,Tidak,Tidak,Tidak,"71,75"
482,Kab. Pulau Morotai,-,WDP,Tepat Waktu,Menggunakan,Tidak Memenuhi,-,"43,12",-,"44,86","68,33","73,65",-,Tidak,Tidak,Tidak,Tidak,Tidak,"74,57"
483,Kab. Pulau Taliabu,-,TMP,Tepat Waktu,Menggunakan,Tidak Memenuhi,-,"45,07",-,"49,26","47,95","67,71",-,Tidak,Tidak,Tidak,Tidak,Tidak,"48,90"
484,Provinsi Banten,-,WTP,Tidak Tepat Waktu,Menggunakan,Tidak Memenuhi,-,"73,65",-,"67,70","59,56","62,98",-,Tidak,Tidak,Tidak,Tidak,Tidak,"75,79"
485,Kab. Lebak,-,WTP,Tepat Waktu,Menggunakan,Memenuhi,-,"45,77",-,"60,90","60,64","66,23",-,Tidak,Tidak,Tidak,Tidak,Tidak,"81,18"
486,Kab. Pandeglang,-,WTP,Tidak Tepat Waktu,Menggunakan,Tidak Memenuhi,-,"50,21",-,"43,93","50,09","51,98",-,Tidak,Tidak,Tidak,Tidak,Tidak,"80,90"
487,Kab. Serang,-,WTP,Tepat Waktu,Menggunakan,Memenuhi,-,"44,92",-,"71,49","71,62","65,61",-,Tidak,Tidak,Tidak,Tidak,Tidak,"72,13"
488,Kab. Tangerang,-,WTP,Tepat Waktu,Menggunakan,Memenuhi,-,"55,00",-,"41,86","58,83","63,37",-,Tidak,Tidak,Tidak,Tidak,Tidak,"67,86"
489,Kota Cilegon,-,WTP,Tepat Waktu,Menggunakan,Memenuhi,-,"54,27",-,"53,84","52,34","50,90",-,Tidak,Tidak,Tidak,Tidak,Tidak,"64,84"
490,Kota Tangerang,-,WTP,Tepat Waktu,Menggunakan,Memenuhi,-,"59,39",-,"41,99","75,20","64,54",-,Tidak,Tidak,Tidak,Tidak,Tidak,"74,76"
491,Kota Serang,-,WDP,Tepat Waktu,Menggunakan,Tidak Memenuhi,-,"53,81",-,"71,72","43,47","45,99",-,Tidak,Tidak,Tidak,Tidak,Tidak,"74,13"
492,Kota Tangerang Selatan,-,WTP,Tepat Waktu,Menggunakan,Memenuhi,-,"60,95",-,"55,38","82,02","60,22",-,Tidak,Tidak,Tidak,Tidak,Tidak,"75,62"
493,Provinsi  Bangka Belitung,-,WDP,Tepat Waktu,Menggunakan,Tidak Memenuhi,-,"43,05",-,"54,98","66,06","57,40",-,Tidak,Tidak,Tidak,Tidak,Tidak,"61,86"
494,Kab. Bangka,-,WTP,Tepat Waktu,Menggunakan,Memenuhi,-,"47,95",-,"60,68","73,36","57,41",-,Tidak,Tidak,Tidak,Tidak,Tidak,"61,47"
495,Kab. Belitung,-,WDP,Tepat Waktu,Menggunakan,Tidak Memenuhi,-,"59,79",-,"54,54","72,43","70,85",-,Tidak,Tidak,Tidak,Tidak,Tidak,"72,79"
496,Kota Pangkal Pinang ,-,WDP,Tepat Waktu,Menggunakan,Tidak Memenuhi,-,"66,48",-,"72,45","58,10","45,02",-,Tidak,Tidak,Tidak,Tidak,Tidak,"49,59"
497,Kab. Bangka Selatan,-,WDP,Tepat Waktu,Menggunakan,Tidak Memenuhi,-,"47,13",-,"52,41","63,05","64,19",-,Tidak,Tidak,Tidak,Tidak,Tidak,"72,44"
498,Kab. Bangka Tengah,-,WTP,Tepat Waktu,Menggunakan,Memenuhi,-,"54,14",-,"57,68","62,17","49,41",-,Tidak,Tidak,Tidak,Tidak,Tidak,"54,40"
499,Kab. Bangka Barat,-,WTP,Tepat Waktu,Menggunakan,Memenuhi,-,"53,15",-,"62,66","72,18","56,95",-,Tidak,Tidak,Tidak,Tidak,Tidak,"68,06"
500,Kab. Belitung Timur,-,WDP,Tepat Waktu,Menggunakan,Tidak Memenuhi,-,"50,89",-,"61,46","69,06","69,56",-,Tidak,Tidak,Tidak,Tidak,Tidak,"66,36"
501,Provinsi Gorontalo,-,WTP,Tepat Waktu,Menggunakan,Memenuhi,-,"57,38",-,"64,99","72,89","45,00",-,Tidak,Tidak,Tidak,Tidak,Tidak,"51,72"
502,Kab. Boalemo,-,WDP,Tepat Waktu,Menggunakan,Tidak Memenuhi,-,"51,12",-,"64,10","80,09","65,51",-,Tidak,Tidak,Tidak,Tidak,Tidak,"61,76"
503,Kab. Gorontalo,-,WTP,Tepat Waktu,Menggunakan,Memenuhi,-,"47,59",-,"60,95","76,69","65,93",-,Tidak,Tidak,Tidak,Tidak,Tidak,"68,42"
504,Kota Gorontalo,-,WTP,Tepat Waktu,Menggunakan,Memenuhi,-,"61,33",-,"75,43","81,03","35,51",-,Tidak,Tidak,ya,Tidak,Tidak,"47,41"
505,Kab. Pohuwato,-,WTP,Tepat Waktu,Menggunakan,Memenuhi,-,"62,42",-,"72,18","54,30","63,58",-,Tidak,Tidak,Tidak,Tidak,Tidak,"74,11"
506,Kab. Bone Bolango,-,WTP,Tepat Waktu,Menggunakan,Memenuhi,-,"60,59",-,"71,66","62,23","65,78",-,Tidak,Tidak,Tidak,Tidak,Tidak,"71,66"
507,Kab. Gorontalo Utara,-,WDP,Tepat Waktu,Menggunakan,Tidak Memenuhi,-,"58,19",-,"66,30","55,61","68,33",-,Tidak,Tidak,Tidak,Tidak,Tidak,"63,09"
508,Provinsi Kepulauan Riau                           ,-,WTP,Tidak Tepat Waktu,Menggunakan,Tidak Memenuhi,-,"60,67",-,"68,43","51,92","61,28",-,Tidak,Tidak,Tidak,Tidak,Tidak,"59,99"
509,Kab. Natuna,-,WDP,Tidak Tepat Waktu,Menggunakan,Tidak Memenuhi,-,"66,19",-,"69,68","58,76","71,68",-,Tidak,Tidak,Tidak,Tidak,Tidak,"56,27"
510,Kab. Kepulauan Anambas,-,WDP,Tepat Waktu,Menggunakan,Tidak Memenuhi,-,"67,92",-,"47,41","78,84","69,87",-,Tidak,Tidak,Tidak,Tidak,Tidak,"52,66"
511,Kab. Karimun,-,WTP,Tepat Waktu,Menggunakan,Memenuhi,-,"62,35",-,"66,15","67,35","61,79",-,Tidak,Tidak,Tidak,Tidak,Tidak,"66,73"
512,Kota Batam,-,WTP,Tidak Tepat Waktu,Menggunakan,Tidak Memenuhi,-,"63,80",-,"67,94","57,28","58,84",-,Tidak,Tidak,Tidak,Tidak,Tidak,"78,26"
513,Kota Tanjung Pinang,-,WTP,Tidak Tepat Waktu,Menggunakan,Tidak Memenuhi,-,"69,19",-,"74,65","70,15","50,63",-,Tidak,Tidak,Tidak,Tidak,Tidak,"52,28"
514,Kab. Lingga,-,WDP,Tidak Tepat Waktu,Menggunakan,Tidak Memenuhi,-,"52,15",-,"60,59","72,61","75,65",-,Tidak,Tidak,Tidak,Tidak,Tidak,"77,74"
515,Kab. Bintan,-,WTP,Tepat Waktu,Menggunakan,Memenuhi,-,"73,53",-,"54,92","56,52","68,43",-,Tidak,Tidak,Tidak,Tidak,Tidak,"55,57"
516,Provinsi Papua Barat,-,WTP,Tepat Waktu,Menggunakan,Memenuhi,-,"65,56",-,"59,47","60,07","55,06",-,Tidak,Tidak,Tidak,Tidak,Tidak,"32,96"
517,Kab. Fak Fak,-,WTP,Tidak Tepat Waktu,Menggunakan,Tidak Memenuhi,-,"49,52",-,"68,86","76,39","80,51",-,Tidak,Tidak,Tidak,Tidak,Tidak,"72,00"
518,Kab. Manokwari,-,WDP,Tidak Tepat Waktu,Menggunakan,Tidak Memenuhi,-,"60,33",-,"67,66","88,44","71,15",-,Tidak,Tidak,Tidak,Tidak,Tidak,"56,41"
519,Kab. Sorong,-,WTP,Tepat Waktu,Menggunakan,Memenuhi,-,"58,49",-,"37,98","59,12","64,58",-,Tidak,Tidak,Tidak,Tidak,Tidak,"48,01"
520,Kota Sorong,-,WDP,Tepat Waktu,Menggunakan,Tidak Memenuhi,-,"64,34",-,"77,85","68,71","48,37",-,Tidak,Tidak,Tidak,Tidak,Tidak,"41,51"
521,Kab. Raja Ampat,-,WTP,Tepat Waktu,Menggunakan,Memenuhi,-,"51,10",-,"56,57","41,43","59,07",-,Tidak,Tidak,Tidak,Tidak,Tidak,"67,71"
522,Kab. Sorong Selatan,-,WTP,Tepat Waktu,Menggunakan,Memenuhi,-,"60,36",-,"33,34","45,60","59,01",-,Tidak,Tidak,Tidak,Tidak,Tidak,"60,56"
523,Kab. Teluk Bintuni,-,WTP,Tepat Waktu,Menggunakan,Memenuhi,-,"75,38",-,"42,06","73,69","74,86",-,Tidak,Tidak,Tidak,Tidak,Tidak,"65,64"
524,Kab. Teluk Wondama,-,WDP,Tepat Waktu,Tidak Menggunakan,Tidak Memenuhi,-,"62,95",-,"50,55","62,58","67,36",-,Tidak,Tidak,Tidak,Tidak,Tidak,"56,34"
525,Kab. Kaimana,-,WTP,Tidak Tepat Waktu,Menggunakan,Tidak Memenuhi,-,"64,06",-,"38,36","79,40","77,66",-,Tidak,Tidak,Tidak,Tidak,Tidak,"75,82"
526,Kab. Maybrat,-,WTP,Tidak Tepat Waktu,Tidak Menggunakan,Tidak Memenuhi,-,"56,81",-,"50,68","74,81","72,50",-,Tidak,Tidak,Tidak,Tidak,Tidak,"56,97"
527,Kab. Tambrauw,-,WTP,Tepat Waktu,Tidak Menggunakan,Tidak Memenuhi,-,"59,89",-,"53,02","57,96","50,51",-,Tidak,Tidak,Tidak,Tidak,Tidak,"53,10"
528,Kab. Manokwari Selatan,-,WDP,Tepat Waktu,Menggunakan,Tidak Memenuhi,-,"60,14",-,"75,26","61,25","66,59",-,Tidak,Tidak,Tidak,Tidak,Tidak,"45,11"
529,Kab. Pegunungan Arfak,-,WDP,Tidak Tepat Waktu,Tidak Menggunakan,Tidak Memenuhi,-,"40,23",-,"44,66","36,81","59,03",-,Tidak,Tidak,Tidak,Tidak,Tidak,"28,07"
530,Provinsi Sulawesi Barat,-,WTP,Tepat Waktu,Menggunakan,Memenuhi,-,"62,03",-,"73,57","61,20","47,55",-,Tidak,Tidak,Tidak,Tidak,Tidak,"67,13"
531,Kab. Majene,-,WTP,Tepat Waktu,Menggunakan,Memenuhi,-,"50,13",-,"59,93","75,75","70,53",-,Tidak,Tidak,Tidak,Tidak,Tidak,"66,00"
532,Kab. Mamuju,-,WDP,Tepat Waktu,Menggunakan,Tidak Memenuhi,-,"50,07",-,"56,40","60,44","63,25",-,Tidak,Tidak,Tidak,Tidak,Tidak,"65,02"
533,Kab. Polewali Mandar,-,WTP,Tepat Waktu,Menggunakan,Memenuhi,-,"64,55",-,"74,12","74,63","68,67",-,Tidak,Tidak,Tidak,Tidak,Tidak,"75,75"
534,Kab. Mamasa,-,WTP,Tepat Waktu,Menggunakan,Memenuhi,-,"62,07",-,"64,64","62,87","69,79",-,Tidak,Tidak,Tidak,Tidak,Tidak,"65,99"
535,Kab. Pasangkayu,-,WTP,Tepat Waktu,Menggunakan,Memenuhi,-,"71,50",-,"74,95","70,64","62,17",-,Tidak,Tidak,Tidak,Tidak,Tidak,"65,76"
536,Kab. Mamuju Tengah,-,WTP,Tepat Waktu,Menggunakan,Memenuhi,-,"58,26",-,"68,38","51,60","66,92",-,Tidak,Tidak,Tidak,Tidak,Tidak,"63,57"
537,Provinsi Kalimantan Utara,-,WTP,Tepat Waktu,Menggunakan,Memenuhi,-,"54,85",-,"59,76","61,67","57,56",-,Tidak,Tidak,Tidak,Tidak,Tidak,"47,93"
538,Kab. Bulungan,-,WDP,Tepat Waktu,Menggunakan,Tidak Memenuhi,-,"55,78",-,"71,68","72,68","75,90",-,Tidak,Tidak,Tidak,Tidak,Tidak,"59,21"
539,Kab. Malinau,-,WTP,Tepat Waktu,Menggunakan,Memenuhi,-,"53,38",-,"70,74","65,74","73,28",-,Tidak,Tidak,Tidak,Tidak,Tidak,"66,90"
540,Kab. Nunukan,-,WTP,Tepat Waktu,Menggunakan,Memenuhi,-,"50,72",-,"69,42","69,51","69,91",-,Tidak,Tidak,Tidak,Tidak,Tidak,"83,89"
541,Kota Tarakan,-,WDP,Tepat Waktu,Menggunakan,Tidak Memenuhi,-,"66,11",-,"69,10","60,84","37,76",-,Tidak,Tidak,Tidak,Tidak,Tidak,"47,43"
542,Kab. Tana Tidung,-,WDP,Tepat Waktu,Menggunakan,Tidak Memenuhi,-,"55,02",-,"76,12","60,55","71,09",-,Tidak,Tidak,Tidak,Tidak,Tidak,"71,47"
